file,algorithm,variant,label,strategy,granularity,threads,recall,latency_us,speedup_vs_t1_same_variant,p,nlist,nprobe,ef,rerank_p,mode
fastscan_omp_inter_t1.txt,fastscan,fastscan_omp_inter,fastscan_omp_static_inter,omp_inter,inter,1,0.97525,1984.7858,1.0,,,,,,
fastscan_omp_inter_t4.txt,fastscan,fastscan_omp_inter,fastscan_omp_static_inter,omp_inter,inter,4,0.97525,274.03695,7.2428,,,,,,
fastscan_omp_inter_t8.txt,fastscan,fastscan_omp_inter,fastscan_omp_static_inter,omp_inter,inter,8,0.97525,178.94805,11.0914,,,,,,
fastscan_omp_inter_t16.txt,fastscan,fastscan_omp_inter,fastscan_omp_static_inter,omp_inter,inter,16,0.97525,139.25625,14.2528,,,,,,
fastscan_omp_intra_t1.txt,fastscan,fastscan_omp_intra,fastscan_omp_static_intra,omp_intra,intra,1,0.97545,1322.7642,1.0,,,,,,
fastscan_omp_intra_t4.txt,fastscan,fastscan_omp_intra,fastscan_omp_static_intra,omp_intra,intra,4,0.97545,2828.42455,0.4677,,,,,,
fastscan_omp_intra_t8.txt,fastscan,fastscan_omp_intra,fastscan_omp_static_intra,omp_intra,intra,8,0.97545,4059.9734,0.3258,,,,,,
fastscan_omp_intra_t16.txt,fastscan,fastscan_omp_intra,fastscan_omp_static_intra,omp_intra,intra,16,0.97545,5984.6682,0.221,,,,,,
fastscan_pthread_dynamic_inter_t1.txt,fastscan,fastscan_pthread_dynamic_inter,fastscan_pthread_dynamic_inter,pthread_dynamic_inter,inter,1,0.97525,2402.36885,1.0,,,,,,
fastscan_pthread_dynamic_inter_t4.txt,fastscan,fastscan_pthread_dynamic_inter,fastscan_pthread_dynamic_inter,pthread_dynamic_inter,inter,4,0.97525,283.71625,8.4675,,,,,,
fastscan_pthread_dynamic_inter_t8.txt,fastscan,fastscan_pthread_dynamic_inter,fastscan_pthread_dynamic_inter,pthread_dynamic_inter,inter,8,0.97525,152.3009,15.7738,,,,,,
fastscan_pthread_dynamic_inter_t16.txt,fastscan,fastscan_pthread_dynamic_inter,fastscan_pthread_dynamic_inter,pthread_dynamic_inter,inter,16,0.97525,125.81315,19.0947,,,,,,
fastscan_pthread_dynamic_intra_t1.txt,fastscan,fastscan_pthread_dynamic_intra,fastscan_pthread_dynamic_intra,pthread_dynamic_intra,intra,1,0.97545,3014.933,1.0,,,,,,
fastscan_pthread_dynamic_intra_t4.txt,fastscan,fastscan_pthread_dynamic_intra,fastscan_pthread_dynamic_intra,pthread_dynamic_intra,intra,4,0.97545,2953.1258,1.0209,,,,,,
fastscan_pthread_dynamic_intra_t8.txt,fastscan,fastscan_pthread_dynamic_intra,fastscan_pthread_dynamic_intra,pthread_dynamic_intra,intra,8,0.97545,4073.6426,0.7401,,,,,,
fastscan_pthread_dynamic_intra_t16.txt,fastscan,fastscan_pthread_dynamic_intra,fastscan_pthread_dynamic_intra,pthread_dynamic_intra,intra,16,0.9755,5942.8923,0.5073,,,,,,
fastscan_pthread_pool_inter_t1.txt,fastscan,fastscan_pthread_pool_inter,fastscan_pthread_pool_inter,pthread_pool_inter,inter,1,0.97525,2353.6524,1.0,,,,,,
fastscan_pthread_pool_inter_t4.txt,fastscan,fastscan_pthread_pool_inter,fastscan_pthread_pool_inter,pthread_pool_inter,inter,4,0.97525,253.8466,9.2719,,,,,,
fastscan_pthread_pool_inter_t8.txt,fastscan,fastscan_pthread_pool_inter,fastscan_pthread_pool_inter,pthread_pool_inter,inter,8,0.97525,164.6496,14.2949,,,,,,
fastscan_pthread_pool_inter_t16.txt,fastscan,fastscan_pthread_pool_inter,fastscan_pthread_pool_inter,pthread_pool_inter,inter,16,0.97525,126.72965,18.5722,,,,,,
fastscan_pthread_pool_intra_t1.txt,fastscan,fastscan_pthread_pool_intra,fastscan_pthread_pool_intra,pthread_pool_intra,intra,1,0.97545,19073.92425,1.0,,,,,,
fastscan_pthread_pool_intra_t4.txt,fastscan,fastscan_pthread_pool_intra,fastscan_pthread_pool_intra,pthread_pool_intra,intra,4,0.97545,16796.4896,1.1356,,,,,,
fastscan_pthread_pool_intra_t8.txt,fastscan,fastscan_pthread_pool_intra,fastscan_pthread_pool_intra,pthread_pool_intra,intra,8,0.97545,22017.7226,0.8663,,,,,,
fastscan_pthread_pool_intra_t16.txt,fastscan,fastscan_pthread_pool_intra,fastscan_pthread_pool_intra,pthread_pool_intra,intra,16,0.97545,40854.90325,0.4669,,,,,,
fastscan_pthread_static_inter_t1.txt,fastscan,fastscan_pthread_static_inter,fastscan_pthread_static_inter,pthread_static_inter,inter,1,0.97525,2212.209,1.0,,,,,,
fastscan_pthread_static_inter_t4.txt,fastscan,fastscan_pthread_static_inter,fastscan_pthread_static_inter,pthread_static_inter,inter,4,0.97525,255.22465,8.6677,,,,,,
fastscan_pthread_static_inter_t8.txt,fastscan,fastscan_pthread_static_inter,fastscan_pthread_static_inter,pthread_static_inter,inter,8,0.97525,158.75015,13.9352,,,,,,
fastscan_pthread_static_inter_t16.txt,fastscan,fastscan_pthread_static_inter,fastscan_pthread_static_inter,pthread_static_inter,inter,16,0.97525,137.33475,16.1082,,,,,,
fastscan_pthread_static_intra_t1.txt,fastscan,fastscan_pthread_static_intra,fastscan_pthread_static_intra,pthread_static_intra,intra,1,0.97545,2564.0542,1.0,,,,,,
fastscan_pthread_static_intra_t4.txt,fastscan,fastscan_pthread_static_intra,fastscan_pthread_static_intra,pthread_static_intra,intra,4,0.97545,3647.94205,0.7029,,,,,,
fastscan_pthread_static_intra_t8.txt,fastscan,fastscan_pthread_static_intra,fastscan_pthread_static_intra,pthread_static_intra,intra,8,0.97545,5114.5514,0.5013,,,,,,
fastscan_pthread_static_intra_t16.txt,fastscan,fastscan_pthread_static_intra,fastscan_pthread_static_intra,pthread_static_intra,intra,16,0.97545,8635.93175,0.2969,,,,,,
flat_omp_inter_t1.txt,flat,flat_omp_inter,flat_omp_static_inter,omp_inter,inter,1,0.99995,6769.4834,1.0,,,,,,
flat_omp_inter_t2.txt,flat,flat_omp_inter,flat_omp_static_inter,omp_inter,inter,2,0.99995,1737.0129,3.8972,,,,,,
flat_omp_inter_t4.txt,flat,flat_omp_inter,flat_omp_static_inter,omp_inter,inter,4,0.99995,634.2138,10.6738,,,,,,
flat_omp_inter_t8.txt,flat,flat_omp_inter,flat_omp_static_inter,omp_inter,inter,8,0.99995,433.4651,15.6171,,,,,,
flat_omp_inter_t16.txt,flat,flat_omp_inter,flat_omp_static_inter,omp_inter,inter,16,0.99995,341.54945,19.8199,,,,,,
flat_omp_intra_t1.txt,flat,flat_omp_intra,flat_omp_static_intra,omp_intra,intra,1,0.99995,7969.35575,1.0,,,,,,
flat_omp_intra_t2.txt,flat,flat_omp_intra,flat_omp_static_intra,omp_intra,intra,2,0.99995,3846.18025,2.072,,,,,,
flat_omp_intra_t4.txt,flat,flat_omp_intra,flat_omp_static_intra,omp_intra,intra,4,0.99995,2296.6548,3.47,,,,,,
flat_omp_intra_t8.txt,flat,flat_omp_intra,flat_omp_static_intra,omp_intra,intra,8,0.99995,2126.45915,3.7477,,,,,,
flat_omp_intra_t16.txt,flat,flat_omp_intra,flat_omp_static_intra,omp_intra,intra,16,0.99995,1726.08815,4.617,,,,,,
flat_pthread_dynamic_inter_t1.txt,flat,flat_pthread_dynamic_inter,flat_pthread_dynamic_inter,pthread_dynamic_inter,inter,1,0.99995,3312.9628,1.0,,,,,,
flat_pthread_dynamic_inter_t2.txt,flat,flat_pthread_dynamic_inter,flat_pthread_dynamic_inter,pthread_dynamic_inter,inter,2,0.99995,1407.3312,2.3541,,,,,,
flat_pthread_dynamic_inter_t4.txt,flat,flat_pthread_dynamic_inter,flat_pthread_dynamic_inter,pthread_dynamic_inter,inter,4,0.99995,563.02735,5.8842,,,,,,
flat_pthread_dynamic_inter_t8.txt,flat,flat_pthread_dynamic_inter,flat_pthread_dynamic_inter,pthread_dynamic_inter,inter,8,0.99995,388.7788,8.5215,,,,,,
flat_pthread_dynamic_inter_t16.txt,flat,flat_pthread_dynamic_inter,flat_pthread_dynamic_inter,pthread_dynamic_inter,inter,16,0.99995,298.95235,11.0819,,,,,,
flat_pthread_dynamic_intra_t1.txt,flat,flat_pthread_dynamic_intra,flat_pthread_dynamic_intra,pthread_dynamic_intra,intra,1,0.99995,4733.49995,1.0,,,,,,
flat_pthread_dynamic_intra_t2.txt,flat,flat_pthread_dynamic_intra,flat_pthread_dynamic_intra,pthread_dynamic_intra,intra,2,0.99995,5413.69665,0.8744,,,,,,
flat_pthread_dynamic_intra_t4.txt,flat,flat_pthread_dynamic_intra,flat_pthread_dynamic_intra,pthread_dynamic_intra,intra,4,0.99995,5183.34945,0.9132,,,,,,
flat_pthread_dynamic_intra_t8.txt,flat,flat_pthread_dynamic_intra,flat_pthread_dynamic_intra,pthread_dynamic_intra,intra,8,0.99995,5088.88535,0.9302,,,,,,
flat_pthread_dynamic_intra_t16.txt,flat,flat_pthread_dynamic_intra,flat_pthread_dynamic_intra,pthread_dynamic_intra,intra,16,0.99995,4582.8268,1.0329,,,,,,
flat_pthread_pool_inter_t1.txt,flat,flat_pthread_pool_inter,flat_pthread_pool_inter,pthread_pool_inter,inter,1,0.99995,3188.89825,1.0,,,,,,
flat_pthread_pool_inter_t2.txt,flat,flat_pthread_pool_inter,flat_pthread_pool_inter,pthread_pool_inter,inter,2,0.99995,1542.35955,2.0675,,,,,,
flat_pthread_pool_inter_t4.txt,flat,flat_pthread_pool_inter,flat_pthread_pool_inter,pthread_pool_inter,inter,4,0.99995,578.00315,5.5171,,,,,,
flat_pthread_pool_inter_t8.txt,flat,flat_pthread_pool_inter,flat_pthread_pool_inter,pthread_pool_inter,inter,8,0.99995,398.8193,7.9958,,,,,,
flat_pthread_pool_inter_t16.txt,flat,flat_pthread_pool_inter,flat_pthread_pool_inter,pthread_pool_inter,inter,16,0.99995,347.41335,9.179,,,,,,
flat_pthread_pool_intra_t1.txt,flat,flat_pthread_pool_intra,flat_pthread_pool_intra,pthread_pool_intra,intra,1,0.99995,5541.21375,1.0,,,,,,
flat_pthread_pool_intra_t2.txt,flat,flat_pthread_pool_intra,flat_pthread_pool_intra,pthread_pool_intra,intra,2,0.99995,4193.53135,1.3214,,,,,,
flat_pthread_pool_intra_t4.txt,flat,flat_pthread_pool_intra,flat_pthread_pool_intra,pthread_pool_intra,intra,4,0.99995,3569.8668,1.5522,,,,,,
flat_pthread_pool_intra_t8.txt,flat,flat_pthread_pool_intra,flat_pthread_pool_intra,pthread_pool_intra,intra,8,0.99995,3400.47845,1.6295,,,,,,
flat_pthread_pool_intra_t16.txt,flat,flat_pthread_pool_intra,flat_pthread_pool_intra,pthread_pool_intra,intra,16,0.99995,4821.8389,1.1492,,,,,,
flat_pthread_static_inter_t1.txt,flat,flat_pthread_static_inter,flat_pthread_static_inter,pthread_static_inter,inter,1,0.99995,5160.16085,1.0,,,,,,
flat_pthread_static_inter_t2.txt,flat,flat_pthread_static_inter,flat_pthread_static_inter,pthread_static_inter,inter,2,0.99995,2214.14895,2.3305,,,,,,
flat_pthread_static_inter_t4.txt,flat,flat_pthread_static_inter,flat_pthread_static_inter,pthread_static_inter,inter,4,0.99995,675.36105,7.6406,,,,,,
flat_pthread_static_inter_t8.txt,flat,flat_pthread_static_inter,flat_pthread_static_inter,pthread_static_inter,inter,8,0.99995,436.4457,11.8231,,,,,,
flat_pthread_static_inter_t16.txt,flat,flat_pthread_static_inter,flat_pthread_static_inter,pthread_static_inter,inter,16,0.99995,340.9642,15.134,,,,,,
flat_pthread_static_intra_t1.txt,flat,flat_pthread_static_intra,flat_pthread_static_intra,pthread_static_intra,intra,1,0.99995,4897.4,1.0,,,,,,
flat_pthread_static_intra_t2.txt,flat,flat_pthread_static_intra,flat_pthread_static_intra,pthread_static_intra,intra,2,0.99995,2408.4667,2.0334,,,,,,
flat_pthread_static_intra_t4.txt,flat,flat_pthread_static_intra,flat_pthread_static_intra,pthread_static_intra,intra,4,0.99995,2756.5159,1.7767,,,,,,
flat_pthread_static_intra_t8.txt,flat,flat_pthread_static_intra,flat_pthread_static_intra,pthread_static_intra,intra,8,0.99995,2171.5693,2.2552,,,,,,
flat_pthread_static_intra_t16.txt,flat,flat_pthread_static_intra,flat_pthread_static_intra,pthread_static_intra,intra,16,0.99995,2746.62265,1.7831,,,,,,
hnsw_baseline_t1.txt,hnsw,hnsw_baseline,hnsw_baseline,baseline,,1,0.96865,65.483,1.0,,,,,,
hnsw_baseline_t4.txt,hnsw,hnsw_baseline,hnsw_baseline,baseline,,4,0.96865,96.73125,0.677,,,,,,
hnsw_baseline_t8.txt,hnsw,hnsw_baseline,hnsw_baseline,baseline,,8,0.96865,133.1221,0.4919,,,,,,
hnsw_baseline_t16.txt,hnsw,hnsw_baseline,hnsw_baseline,baseline,,16,0.96865,136.76845,0.4788,,,,,,
hnsw_edge_omp_t1.txt,hnsw,hnsw_edge_omp,hnsw_edge_omp,edge_omp,,1,0.99915,390.9097,1.0,,,,,,
hnsw_edge_omp_t4.txt,hnsw,hnsw_edge_omp,hnsw_edge_omp,edge_omp,,4,0.99915,624.9954,0.6255,,,,,,
hnsw_edge_omp_t8.txt,hnsw,hnsw_edge_omp,hnsw_edge_omp,edge_omp,,8,0.99915,637.65785,0.613,,,,,,
hnsw_edge_omp_t16.txt,hnsw,hnsw_edge_omp,hnsw_edge_omp,edge_omp,,16,0.99915,1201.97725,0.3252,,,,,,
hnsw_edge_static_t1.txt,hnsw,hnsw_edge_static,hnsw_edge_static,edge_static,,1,0.99915,1181.8446,1.0,,,,,,
hnsw_edge_static_t4.txt,hnsw,hnsw_edge_static,hnsw_edge_static,edge_static,,4,0.99915,1563.8937,0.7557,,,,,,
hnsw_edge_static_t8.txt,hnsw,hnsw_edge_static,hnsw_edge_static,edge_static,,8,0.99915,2131.7959,0.5544,,,,,,
hnsw_edge_static_t16.txt,hnsw,hnsw_edge_static,hnsw_edge_static,edge_static,,16,0.99915,3736.4047,0.3163,,,,,,
hnsw_layer0_omp_t1.txt,hnsw,hnsw_layer0_omp,hnsw_layer0_omp,layer0_omp,,1,0.99995,14093.847,1.0,,,,,,
hnsw_layer0_omp_t4.txt,hnsw,hnsw_layer0_omp,hnsw_layer0_omp,layer0_omp,,4,0.99995,4424.0566,3.1857,,,,,,
hnsw_layer0_omp_t8.txt,hnsw,hnsw_layer0_omp,hnsw_layer0_omp,layer0_omp,,8,0.99995,3603.25155,3.9114,,,,,,
hnsw_layer0_omp_t16.txt,hnsw,hnsw_layer0_omp,hnsw_layer0_omp,layer0_omp,,16,0.99995,3841.86605,3.6685,,,,,,
hnsw_layer0_static_t1.txt,hnsw,hnsw_layer0_static,hnsw_layer0_static,layer0_static,,1,0.99995,13080.0483,1.0,,,,,,
hnsw_layer0_static_t4.txt,hnsw,hnsw_layer0_static,hnsw_layer0_static,layer0_static,,4,0.99995,3400.40895,3.8466,,,,,,
hnsw_layer0_static_t8.txt,hnsw,hnsw_layer0_static,hnsw_layer0_static,layer0_static,,8,0.99995,5074.2485,2.5777,,,,,,
hnsw_layer0_static_t16.txt,hnsw,hnsw_layer0_static,hnsw_layer0_static,layer0_static,,16,0.99995,6225.37985,2.1011,,,,,,
hnsw_multi_entry_dynamic_t1.txt,hnsw,hnsw_multi_entry_dynamic,hnsw_multi_entry_dynamic,multi_entry_dynamic,,1,0.96825,316.30175,1.0,,,,,,
hnsw_multi_entry_dynamic_t4.txt,hnsw,hnsw_multi_entry_dynamic,hnsw_multi_entry_dynamic,multi_entry_dynamic,,4,1.0,495.77025,0.638,,,,,,
hnsw_multi_entry_dynamic_t8.txt,hnsw,hnsw_multi_entry_dynamic,hnsw_multi_entry_dynamic,multi_entry_dynamic,,8,1.0,1933.8747,0.1636,,,,,,
hnsw_multi_entry_dynamic_t16.txt,hnsw,hnsw_multi_entry_dynamic,hnsw_multi_entry_dynamic,multi_entry_dynamic,,16,1.0,3199.7042,0.0989,,,,,,
hnsw_multi_entry_omp_t1.txt,hnsw,hnsw_multi_entry_omp,hnsw_multi_entry_omp,multi_entry_omp,,1,0.96825,345.50435,1.0,,,,,,
hnsw_multi_entry_omp_t4.txt,hnsw,hnsw_multi_entry_omp,hnsw_multi_entry_omp,multi_entry_omp,,4,1.0,464.8461,0.7433,,,,,,
hnsw_multi_entry_omp_t8.txt,hnsw,hnsw_multi_entry_omp,hnsw_multi_entry_omp,multi_entry_omp,,8,1.0,631.7431,0.5469,,,,,,
hnsw_multi_entry_omp_t16.txt,hnsw,hnsw_multi_entry_omp,hnsw_multi_entry_omp,multi_entry_omp,,16,1.0,794.4633,0.4349,,,,,,
hnsw_multi_entry_pool_t1.txt,hnsw,hnsw_multi_entry_pool,hnsw_multi_entry_pool,multi_entry_pool,,1,0.96825,1221.50035,1.0,,,,,,
hnsw_multi_entry_pool_t4.txt,hnsw,hnsw_multi_entry_pool,hnsw_multi_entry_pool,multi_entry_pool,,4,1.0,1324.49145,0.9222,,,,,,
hnsw_multi_entry_pool_t8.txt,hnsw,hnsw_multi_entry_pool,hnsw_multi_entry_pool,multi_entry_pool,,8,1.0,2141.8578,0.5703,,,,,,
hnsw_multi_entry_pool_t16.txt,hnsw,hnsw_multi_entry_pool,hnsw_multi_entry_pool,multi_entry_pool,,16,1.0,3354.0281,0.3642,,,,,,
hnsw_multi_entry_static_t1.txt,hnsw,hnsw_multi_entry_static,hnsw_multi_entry_static,multi_entry_static,,1,0.96825,687.1624,1.0,,,,,,
hnsw_multi_entry_static_t4.txt,hnsw,hnsw_multi_entry_static,hnsw_multi_entry_static,multi_entry_static,,4,1.0,1114.43905,0.6166,,,,,,
hnsw_multi_entry_static_t8.txt,hnsw,hnsw_multi_entry_static,hnsw_multi_entry_static,multi_entry_static,,8,1.0,1793.844,0.3831,,,,,,
hnsw_multi_entry_static_t16.txt,hnsw,hnsw_multi_entry_static,hnsw_multi_entry_static,multi_entry_static,,16,1.0,1660.6363,0.4138,,,,,,
hnsw_ivf_nested_omp_t1.txt,hnsw_ivf_nested,hnsw_ivf_nested_omp,hnsw_ivf_nested_omp,omp,,1,0.9777,493.5611,1.0,,,,,,
hnsw_ivf_nested_omp_t4.txt,hnsw_ivf_nested,hnsw_ivf_nested_omp,hnsw_ivf_nested_omp,omp,,4,0.9777,330.06885,1.4953,,,,,,
hnsw_ivf_nested_omp_t8.txt,hnsw_ivf_nested,hnsw_ivf_nested_omp,hnsw_ivf_nested_omp,omp,,8,0.9777,362.665,1.3609,,,,,,
hnsw_ivf_nested_omp_t16.txt,hnsw_ivf_nested,hnsw_ivf_nested_omp,hnsw_ivf_nested_omp,omp,,16,0.9777,328.55,1.5022,,,,,,
hnsw_ivf_nested_static_t1.txt,hnsw_ivf_nested,hnsw_ivf_nested_static,hnsw_ivf_nested_static,static,,1,0.9777,650.0244,1.0,,,,,,
hnsw_ivf_nested_static_t4.txt,hnsw_ivf_nested,hnsw_ivf_nested_static,hnsw_ivf_nested_static,static,,4,0.9777,595.81685,1.091,,,,,,
hnsw_ivf_nested_static_t8.txt,hnsw_ivf_nested,hnsw_ivf_nested_static,hnsw_ivf_nested_static,static,,8,0.9777,520.4525,1.249,,,,,,
hnsw_ivf_nested_static_t16.txt,hnsw_ivf_nested,hnsw_ivf_nested_static,hnsw_ivf_nested_static,static,,16,0.9777,500.07815,1.2998,,,,,,
ivf_omp_inter_t1.txt,ivf,ivf_omp_inter,ivf_omp_static_inter,omp_inter,inter,1,0.96225,931.0007,1.0,,,,,,
ivf_omp_inter_t2.txt,ivf,ivf_omp_inter,ivf_omp_static_inter,omp_inter,inter,2,0.96225,438.33355,2.124,,,,,,
ivf_omp_inter_t4.txt,ivf,ivf_omp_inter,ivf_omp_static_inter,omp_inter,inter,4,0.96225,262.14115,3.5515,,,,,,
ivf_omp_inter_t8.txt,ivf,ivf_omp_inter,ivf_omp_static_inter,omp_inter,inter,8,0.96225,159.52995,5.8359,,,,,,
ivf_omp_inter_t16.txt,ivf,ivf_omp_inter,ivf_omp_static_inter,omp_inter,inter,16,0.96225,113.89565,8.1742,,,,,,
ivf_omp_intra_t1.txt,ivf,ivf_omp_intra,ivf_omp_dynamic_intra,omp_intra,intra,1,0.96225,933.39535,1.0,,,,,,
ivf_omp_intra_t2.txt,ivf,ivf_omp_intra,ivf_omp_dynamic_intra,omp_intra,intra,2,0.96225,628.6226,1.4848,,,,,,
ivf_omp_intra_t4.txt,ivf,ivf_omp_intra,ivf_omp_dynamic_intra,omp_intra,intra,4,0.96225,977.276,0.9551,,,,,,
ivf_omp_intra_t8.txt,ivf,ivf_omp_intra,ivf_omp_dynamic_intra,omp_intra,intra,8,0.96225,866.73795,1.0769,,,,,,
ivf_omp_intra_t16.txt,ivf,ivf_omp_intra,ivf_omp_dynamic_intra,omp_intra,intra,16,0.96225,845.37525,1.1041,,,,,,
ivf_pthread_dynamic_inter_t1.txt,ivf,ivf_pthread_dynamic_inter,ivf_pthread_dynamic_inter,pthread_dynamic_inter,inter,1,0.96225,830.12545,1.0,,,,,,
ivf_pthread_dynamic_inter_t2.txt,ivf,ivf_pthread_dynamic_inter,ivf_pthread_dynamic_inter,pthread_dynamic_inter,inter,2,0.96225,538.3996,1.5418,,,,,,
ivf_pthread_dynamic_inter_t4.txt,ivf,ivf_pthread_dynamic_inter,ivf_pthread_dynamic_inter,pthread_dynamic_inter,inter,4,0.96225,211.5866,3.9233,,,,,,
ivf_pthread_dynamic_inter_t8.txt,ivf,ivf_pthread_dynamic_inter,ivf_pthread_dynamic_inter,pthread_dynamic_inter,inter,8,0.96225,136.93225,6.0623,,,,,,
ivf_pthread_dynamic_inter_t16.txt,ivf,ivf_pthread_dynamic_inter,ivf_pthread_dynamic_inter,pthread_dynamic_inter,inter,16,0.96225,116.9426,7.0986,,,,,,
ivf_pthread_dynamic_intra_t1.txt,ivf,ivf_pthread_dynamic_intra,ivf_pthread_dynamic_intra,pthread_dynamic_intra,intra,1,0.96225,1293.98065,1.0,,,,,,
ivf_pthread_dynamic_intra_t2.txt,ivf,ivf_pthread_dynamic_intra,ivf_pthread_dynamic_intra,pthread_dynamic_intra,intra,2,0.96225,1116.5191,1.1589,,,,,,
ivf_pthread_dynamic_intra_t4.txt,ivf,ivf_pthread_dynamic_intra,ivf_pthread_dynamic_intra,pthread_dynamic_intra,intra,4,0.96225,1013.05205,1.2773,,,,,,
ivf_pthread_dynamic_intra_t8.txt,ivf,ivf_pthread_dynamic_intra,ivf_pthread_dynamic_intra,pthread_dynamic_intra,intra,8,0.96225,957.9952,1.3507,,,,,,
ivf_pthread_dynamic_intra_t16.txt,ivf,ivf_pthread_dynamic_intra,ivf_pthread_dynamic_intra,pthread_dynamic_intra,intra,16,0.96225,1442.0224,0.8973,,,,,,
ivf_pthread_pool_inter_t1.txt,ivf,ivf_pthread_pool_inter,ivf_pthread_pool_inter,pthread_pool_inter,inter,1,0.96225,758.45335,1.0,,,,,,
ivf_pthread_pool_inter_t2.txt,ivf,ivf_pthread_pool_inter,ivf_pthread_pool_inter,pthread_pool_inter,inter,2,0.96225,423.16535,1.7923,,,,,,
ivf_pthread_pool_inter_t4.txt,ivf,ivf_pthread_pool_inter,ivf_pthread_pool_inter,pthread_pool_inter,inter,4,0.96225,222.16055,3.414,,,,,,
ivf_pthread_pool_inter_t8.txt,ivf,ivf_pthread_pool_inter,ivf_pthread_pool_inter,pthread_pool_inter,inter,8,0.96225,222.56905,3.4077,,,,,,
ivf_pthread_pool_inter_t16.txt,ivf,ivf_pthread_pool_inter,ivf_pthread_pool_inter,pthread_pool_inter,inter,16,0.96225,104.67185,7.246,,,,,,
ivf_pthread_pool_intra_t1.txt,ivf,ivf_pthread_pool_intra,ivf_pthread_pool_intra,pthread_pool_intra,intra,1,0.96225,1373.3831,1.0,,,,,,
ivf_pthread_pool_intra_t2.txt,ivf,ivf_pthread_pool_intra,ivf_pthread_pool_intra,pthread_pool_intra,intra,2,0.96225,989.41205,1.3881,,,,,,
ivf_pthread_pool_intra_t4.txt,ivf,ivf_pthread_pool_intra,ivf_pthread_pool_intra,pthread_pool_intra,intra,4,0.96225,1059.5519,1.2962,,,,,,
ivf_pthread_pool_intra_t8.txt,ivf,ivf_pthread_pool_intra,ivf_pthread_pool_intra,pthread_pool_intra,intra,8,0.96225,1211.3305,1.1338,,,,,,
ivf_pthread_pool_intra_t16.txt,ivf,ivf_pthread_pool_intra,ivf_pthread_pool_intra,pthread_pool_intra,intra,16,0.96225,2678.682,0.5127,,,,,,
ivf_pthread_static_inter_t1.txt,ivf,ivf_pthread_static_inter,ivf_pthread_static_inter,pthread_static_inter,inter,1,0.96225,871.8436,1.0,,,,,,
ivf_pthread_static_inter_t2.txt,ivf,ivf_pthread_static_inter,ivf_pthread_static_inter,pthread_static_inter,inter,2,0.96225,385.3766,2.2623,,,,,,
ivf_pthread_static_inter_t4.txt,ivf,ivf_pthread_static_inter,ivf_pthread_static_inter,pthread_static_inter,inter,4,0.96225,236.05325,3.6934,,,,,,
ivf_pthread_static_inter_t8.txt,ivf,ivf_pthread_static_inter,ivf_pthread_static_inter,pthread_static_inter,inter,8,0.96225,176.0179,4.9532,,,,,,
ivf_pthread_static_inter_t16.txt,ivf,ivf_pthread_static_inter,ivf_pthread_static_inter,pthread_static_inter,inter,16,0.96225,132.0804,6.6009,,,,,,
ivf_pthread_static_intra_t1.txt,ivf,ivf_pthread_static_intra,ivf_pthread_static_intra,pthread_static_intra,intra,1,0.96225,1008.9052,1.0,,,,,,
ivf_pthread_static_intra_t2.txt,ivf,ivf_pthread_static_intra,ivf_pthread_static_intra,pthread_static_intra,intra,2,0.96225,947.3846,1.0649,,,,,,
ivf_pthread_static_intra_t4.txt,ivf,ivf_pthread_static_intra,ivf_pthread_static_intra,pthread_static_intra,intra,4,0.96225,862.90405,1.1692,,,,,,
ivf_pthread_static_intra_t8.txt,ivf,ivf_pthread_static_intra,ivf_pthread_static_intra,pthread_static_intra,intra,8,0.96225,925.6858,1.0899,,,,,,
ivf_pthread_static_intra_t16.txt,ivf,ivf_pthread_static_intra,ivf_pthread_static_intra,pthread_static_intra,intra,16,0.96225,1507.84345,0.6691,,,,,,
ivf_simd_t1.txt,ivf,ivf_simd,ivf_simd_serial,simd_serial,,1,0.96225,849.90535,1.0,,,,,,
ivfpq_omp_inter_t1.global.txt,ivfpq_global,ivfpq_omp_inter,ivfpq_omp_static_inter,omp_inter,inter,1,0.94715,629.9251,1.0,,,,,,global
ivfpq_omp_inter_t2.global.txt,ivfpq_global,ivfpq_omp_inter,ivfpq_omp_static_inter,omp_inter,inter,2,0.94715,331.5178,1.9001,,,,,,global
ivfpq_omp_inter_t4.global.txt,ivfpq_global,ivfpq_omp_inter,ivfpq_omp_static_inter,omp_inter,inter,4,0.94715,170.65975,3.6911,,,,,,global
ivfpq_omp_inter_t8.global.txt,ivfpq_global,ivfpq_omp_inter,ivfpq_omp_static_inter,omp_inter,inter,8,0.94715,109.29805,5.7634,,,,,,global
ivfpq_omp_inter_t16.global.txt,ivfpq_global,ivfpq_omp_inter,ivfpq_omp_static_inter,omp_inter,inter,16,0.94715,88.77035,7.0961,,,,,,global
ivfpq_omp_intra_t1.global.txt,ivfpq_global,ivfpq_omp_intra,ivfpq_omp_dynamic_intra,omp_intra,intra,1,0.94715,743.418,1.0,,,,,,global
ivfpq_omp_intra_t2.global.txt,ivfpq_global,ivfpq_omp_intra,ivfpq_omp_dynamic_intra,omp_intra,intra,2,0.94715,1129.4016,0.6582,,,,,,global
ivfpq_omp_intra_t4.global.txt,ivfpq_global,ivfpq_omp_intra,ivfpq_omp_dynamic_intra,omp_intra,intra,4,0.94715,1705.5098,0.4359,,,,,,global
ivfpq_omp_intra_t8.global.txt,ivfpq_global,ivfpq_omp_intra,ivfpq_omp_dynamic_intra,omp_intra,intra,8,0.94715,1811.51295,0.4104,,,,,,global
ivfpq_omp_intra_t16.global.txt,ivfpq_global,ivfpq_omp_intra,ivfpq_omp_dynamic_intra,omp_intra,intra,16,0.94715,1960.7584,0.3791,,,,,,global
ivfpq_pthread_dynamic_inter_t1.global.txt,ivfpq_global,ivfpq_pthread_dynamic_inter,ivfpq_pthread_dynamic_inter,pthread_dynamic_inter,inter,1,0.94715,739.8541,1.0,,,,,,global
ivfpq_pthread_dynamic_inter_t2.global.txt,ivfpq_global,ivfpq_pthread_dynamic_inter,ivfpq_pthread_dynamic_inter,pthread_dynamic_inter,inter,2,0.94715,315.69865,2.3435,,,,,,global
ivfpq_pthread_dynamic_inter_t4.global.txt,ivfpq_global,ivfpq_pthread_dynamic_inter,ivfpq_pthread_dynamic_inter,pthread_dynamic_inter,inter,4,0.94715,158.9984,4.6532,,,,,,global
ivfpq_pthread_dynamic_inter_t8.global.txt,ivfpq_global,ivfpq_pthread_dynamic_inter,ivfpq_pthread_dynamic_inter,pthread_dynamic_inter,inter,8,0.94715,123.8291,5.9748,,,,,,global
ivfpq_pthread_dynamic_inter_t16.global.txt,ivfpq_global,ivfpq_pthread_dynamic_inter,ivfpq_pthread_dynamic_inter,pthread_dynamic_inter,inter,16,0.94715,80.00505,9.2476,,,,,,global
ivfpq_pthread_dynamic_intra_t1.global.txt,ivfpq_global,ivfpq_pthread_dynamic_intra,ivfpq_pthread_dynamic_intra,pthread_dynamic_intra,intra,1,0.94715,1748.565,1.0,,,,,,global
ivfpq_pthread_dynamic_intra_t2.global.txt,ivfpq_global,ivfpq_pthread_dynamic_intra,ivfpq_pthread_dynamic_intra,pthread_dynamic_intra,intra,2,0.94715,2011.55045,0.8693,,,,,,global
ivfpq_pthread_dynamic_intra_t4.global.txt,ivfpq_global,ivfpq_pthread_dynamic_intra,ivfpq_pthread_dynamic_intra,pthread_dynamic_intra,intra,4,0.94715,1592.764,1.0978,,,,,,global
ivfpq_pthread_dynamic_intra_t8.global.txt,ivfpq_global,ivfpq_pthread_dynamic_intra,ivfpq_pthread_dynamic_intra,pthread_dynamic_intra,intra,8,0.94715,1523.6964,1.1476,,,,,,global
ivfpq_pthread_dynamic_intra_t16.global.txt,ivfpq_global,ivfpq_pthread_dynamic_intra,ivfpq_pthread_dynamic_intra,pthread_dynamic_intra,intra,16,0.94715,2034.3749,0.8595,,,,,,global
ivfpq_pthread_pool_inter_t1.global.txt,ivfpq_global,ivfpq_pthread_pool_inter,ivfpq_pthread_pool_inter,pthread_pool_inter,inter,1,0.94715,658.92845,1.0,,,,,,global
ivfpq_pthread_pool_inter_t2.global.txt,ivfpq_global,ivfpq_pthread_pool_inter,ivfpq_pthread_pool_inter,pthread_pool_inter,inter,2,0.94715,314.29045,2.0966,,,,,,global
ivfpq_pthread_pool_inter_t4.global.txt,ivfpq_global,ivfpq_pthread_pool_inter,ivfpq_pthread_pool_inter,pthread_pool_inter,inter,4,0.94715,233.7385,2.8191,,,,,,global
ivfpq_pthread_pool_inter_t8.global.txt,ivfpq_global,ivfpq_pthread_pool_inter,ivfpq_pthread_pool_inter,pthread_pool_inter,inter,8,0.94715,128.34805,5.1339,,,,,,global
ivfpq_pthread_pool_inter_t16.global.txt,ivfpq_global,ivfpq_pthread_pool_inter,ivfpq_pthread_pool_inter,pthread_pool_inter,inter,16,0.94715,67.1314,9.8155,,,,,,global
ivfpq_pthread_pool_intra_t1.global.txt,ivfpq_global,ivfpq_pthread_pool_intra,ivfpq_pthread_pool_intra,pthread_pool_intra,intra,1,0.94715,2625.64865,1.0,,,,,,global
ivfpq_pthread_pool_intra_t2.global.txt,ivfpq_global,ivfpq_pthread_pool_intra,ivfpq_pthread_pool_intra,pthread_pool_intra,intra,2,0.94715,1665.01785,1.5769,,,,,,global
ivfpq_pthread_pool_intra_t4.global.txt,ivfpq_global,ivfpq_pthread_pool_intra,ivfpq_pthread_pool_intra,pthread_pool_intra,intra,4,0.94715,1413.2949,1.8578,,,,,,global
ivfpq_pthread_pool_intra_t8.global.txt,ivfpq_global,ivfpq_pthread_pool_intra,ivfpq_pthread_pool_intra,pthread_pool_intra,intra,8,0.94715,1869.6584,1.4043,,,,,,global
ivfpq_pthread_pool_intra_t16.global.txt,ivfpq_global,ivfpq_pthread_pool_intra,ivfpq_pthread_pool_intra,pthread_pool_intra,intra,16,0.94715,2340.70755,1.1217,,,,,,global
ivfpq_pthread_static_inter_t1.global.txt,ivfpq_global,ivfpq_pthread_static_inter,ivfpq_pthread_static_inter,pthread_static_inter,inter,1,0.94715,645.0523,1.0,,,,,,global
ivfpq_pthread_static_inter_t2.global.txt,ivfpq_global,ivfpq_pthread_static_inter,ivfpq_pthread_static_inter,pthread_static_inter,inter,2,0.94715,309.7875,2.0822,,,,,,global
ivfpq_pthread_static_inter_t4.global.txt,ivfpq_global,ivfpq_pthread_static_inter,ivfpq_pthread_static_inter,pthread_static_inter,inter,4,0.94715,162.2222,3.9764,,,,,,global
ivfpq_pthread_static_inter_t8.global.txt,ivfpq_global,ivfpq_pthread_static_inter,ivfpq_pthread_static_inter,pthread_static_inter,inter,8,0.94715,118.63335,5.4374,,,,,,global
ivfpq_pthread_static_inter_t16.global.txt,ivfpq_global,ivfpq_pthread_static_inter,ivfpq_pthread_static_inter,pthread_static_inter,inter,16,0.94715,67.9031,9.4996,,,,,,global
ivfpq_pthread_static_intra_t1.global.txt,ivfpq_global,ivfpq_pthread_static_intra,ivfpq_pthread_static_intra,pthread_static_intra,intra,1,0.94715,2747.22825,1.0,,,,,,global
ivfpq_pthread_static_intra_t2.global.txt,ivfpq_global,ivfpq_pthread_static_intra,ivfpq_pthread_static_intra,pthread_static_intra,intra,2,0.94715,1120.44795,2.4519,,,,,,global
ivfpq_pthread_static_intra_t4.global.txt,ivfpq_global,ivfpq_pthread_static_intra,ivfpq_pthread_static_intra,pthread_static_intra,intra,4,0.94715,1381.4324,1.9887,,,,,,global
ivfpq_pthread_static_intra_t8.global.txt,ivfpq_global,ivfpq_pthread_static_intra,ivfpq_pthread_static_intra,pthread_static_intra,intra,8,0.94715,1382.42975,1.9872,,,,,,global
ivfpq_pthread_static_intra_t16.global.txt,ivfpq_global,ivfpq_pthread_static_intra,ivfpq_pthread_static_intra,pthread_static_intra,intra,16,0.94715,1859.825,1.4771,,,,,,global
ivfpq_simd_t1.global.txt,ivfpq_global,ivfpq_simd,ivfpq_simd_serial,simd_serial,,1,0.94715,1960.9764,1.0,,,,,,global
ivfpq_simd_t2.global.txt,ivfpq_global,ivfpq_simd,ivfpq_simd_serial,simd_serial,,2,0.94715,2291.42695,0.8558,,,,,,global
ivfpq_simd_t4.global.txt,ivfpq_global,ivfpq_simd,ivfpq_simd_serial,simd_serial,,4,0.94715,1859.3544,1.0547,,,,,,global
ivfpq_simd_t8.global.txt,ivfpq_global,ivfpq_simd,ivfpq_simd_serial,simd_serial,,8,0.94715,2235.264,0.8773,,,,,,global
ivfpq_simd_t16.global.txt,ivfpq_global,ivfpq_simd,ivfpq_simd_serial,simd_serial,,16,0.94715,785.3998,2.4968,,,,,,global
ivfpq_omp_inter_t1.txt,ivfpq_local,ivfpq_omp_inter,ivfpq_omp_static_inter,omp_inter,inter,1,0.95945,659.36085,1.0,,,,,,
ivfpq_omp_inter_t2.txt,ivfpq_local,ivfpq_omp_inter,ivfpq_omp_static_inter,omp_inter,inter,2,0.95945,325.3538,2.0266,,,,,,
ivfpq_omp_inter_t4.txt,ivfpq_local,ivfpq_omp_inter,ivfpq_omp_static_inter,omp_inter,inter,4,0.95945,162.9694,4.0459,,,,,,
ivfpq_omp_inter_t8.txt,ivfpq_local,ivfpq_omp_inter,ivfpq_omp_static_inter,omp_inter,inter,8,0.95945,103.3182,6.3818,,,,,,
ivfpq_omp_inter_t16.txt,ivfpq_local,ivfpq_omp_inter,ivfpq_omp_static_inter,omp_inter,inter,16,0.95945,68.66485,9.6026,,,,,,
ivfpq_omp_intra_t1.txt,ivfpq_local,ivfpq_omp_intra,ivfpq_omp_dynamic_intra,omp_intra,intra,1,0.95945,760.5033,1.0,,,,,,
ivfpq_omp_intra_t2.txt,ivfpq_local,ivfpq_omp_intra,ivfpq_omp_dynamic_intra,omp_intra,intra,2,0.95945,1033.0676,0.7362,,,,,,
ivfpq_omp_intra_t4.txt,ivfpq_local,ivfpq_omp_intra,ivfpq_omp_dynamic_intra,omp_intra,intra,4,0.95945,1588.60545,0.4787,,,,,,
ivfpq_omp_intra_t8.txt,ivfpq_local,ivfpq_omp_intra,ivfpq_omp_dynamic_intra,omp_intra,intra,8,0.95945,1768.4138,0.43,,,,,,
ivfpq_omp_intra_t16.txt,ivfpq_local,ivfpq_omp_intra,ivfpq_omp_dynamic_intra,omp_intra,intra,16,0.95945,1925.0807,0.3951,,,,,,
ivfpq_pthread_dynamic_inter_t1.txt,ivfpq_local,ivfpq_pthread_dynamic_inter,ivfpq_pthread_dynamic_inter,pthread_dynamic_inter,inter,1,0.95945,697.17515,1.0,,,,,,
ivfpq_pthread_dynamic_inter_t2.txt,ivfpq_local,ivfpq_pthread_dynamic_inter,ivfpq_pthread_dynamic_inter,pthread_dynamic_inter,inter,2,0.95945,324.8239,2.1463,,,,,,
ivfpq_pthread_dynamic_inter_t4.txt,ivfpq_local,ivfpq_pthread_dynamic_inter,ivfpq_pthread_dynamic_inter,pthread_dynamic_inter,inter,4,0.95945,154.84705,4.5023,,,,,,
ivfpq_pthread_dynamic_inter_t8.txt,ivfpq_local,ivfpq_pthread_dynamic_inter,ivfpq_pthread_dynamic_inter,pthread_dynamic_inter,inter,8,0.95945,102.31065,6.8143,,,,,,
ivfpq_pthread_dynamic_inter_t16.txt,ivfpq_local,ivfpq_pthread_dynamic_inter,ivfpq_pthread_dynamic_inter,pthread_dynamic_inter,inter,16,0.95945,58.12675,11.9941,,,,,,
ivfpq_pthread_dynamic_intra_t1.txt,ivfpq_local,ivfpq_pthread_dynamic_intra,ivfpq_pthread_dynamic_intra,pthread_dynamic_intra,intra,1,0.95945,1184.21,1.0,,,,,,
ivfpq_pthread_dynamic_intra_t2.txt,ivfpq_local,ivfpq_pthread_dynamic_intra,ivfpq_pthread_dynamic_intra,pthread_dynamic_intra,intra,2,0.95945,1081.30055,1.0952,,,,,,
ivfpq_pthread_dynamic_intra_t4.txt,ivfpq_local,ivfpq_pthread_dynamic_intra,ivfpq_pthread_dynamic_intra,pthread_dynamic_intra,intra,4,0.95945,1319.5184,0.8975,,,,,,
ivfpq_pthread_dynamic_intra_t8.txt,ivfpq_local,ivfpq_pthread_dynamic_intra,ivfpq_pthread_dynamic_intra,pthread_dynamic_intra,intra,8,0.95945,1520.0499,0.7791,,,,,,
ivfpq_pthread_dynamic_intra_t16.txt,ivfpq_local,ivfpq_pthread_dynamic_intra,ivfpq_pthread_dynamic_intra,pthread_dynamic_intra,intra,16,0.95945,1980.54825,0.5979,,,,,,
ivfpq_pthread_pool_inter_t1.txt,ivfpq_local,ivfpq_pthread_pool_inter,ivfpq_pthread_pool_inter,pthread_pool_inter,inter,1,0.95945,650.0874,1.0,,,,,,
ivfpq_pthread_pool_inter_t2.txt,ivfpq_local,ivfpq_pthread_pool_inter,ivfpq_pthread_pool_inter,pthread_pool_inter,inter,2,0.95945,303.07215,2.145,,,,,,
ivfpq_pthread_pool_inter_t4.txt,ivfpq_local,ivfpq_pthread_pool_inter,ivfpq_pthread_pool_inter,pthread_pool_inter,inter,4,0.95945,156.5645,4.1522,,,,,,
ivfpq_pthread_pool_inter_t8.txt,ivfpq_local,ivfpq_pthread_pool_inter,ivfpq_pthread_pool_inter,pthread_pool_inter,inter,8,0.95945,91.5448,7.1013,,,,,,
ivfpq_pthread_pool_inter_t16.txt,ivfpq_local,ivfpq_pthread_pool_inter,ivfpq_pthread_pool_inter,pthread_pool_inter,inter,16,0.95945,57.6115,11.284,,,,,,
ivfpq_pthread_pool_intra_t1.txt,ivfpq_local,ivfpq_pthread_pool_intra,ivfpq_pthread_pool_intra,pthread_pool_intra,intra,1,0.95945,2165.6265,1.0,,,,,,
ivfpq_pthread_pool_intra_t2.txt,ivfpq_local,ivfpq_pthread_pool_intra,ivfpq_pthread_pool_intra,pthread_pool_intra,intra,2,0.95945,1756.3699,1.233,,,,,,
ivfpq_pthread_pool_intra_t4.txt,ivfpq_local,ivfpq_pthread_pool_intra,ivfpq_pthread_pool_intra,pthread_pool_intra,intra,4,0.95945,1646.7755,1.3151,,,,,,
ivfpq_pthread_pool_intra_t8.txt,ivfpq_local,ivfpq_pthread_pool_intra,ivfpq_pthread_pool_intra,pthread_pool_intra,intra,8,0.95945,1848.4843,1.1716,,,,,,
ivfpq_pthread_pool_intra_t16.txt,ivfpq_local,ivfpq_pthread_pool_intra,ivfpq_pthread_pool_intra,pthread_pool_intra,intra,16,0.95945,2243.87585,0.9651,,,,,,
ivfpq_pthread_static_inter_t1.txt,ivfpq_local,ivfpq_pthread_static_inter,ivfpq_pthread_static_inter,pthread_static_inter,inter,1,0.95945,660.253,1.0,,,,,,
ivfpq_pthread_static_inter_t2.txt,ivfpq_local,ivfpq_pthread_static_inter,ivfpq_pthread_static_inter,pthread_static_inter,inter,2,0.95945,311.0138,2.1229,,,,,,
ivfpq_pthread_static_inter_t4.txt,ivfpq_local,ivfpq_pthread_static_inter,ivfpq_pthread_static_inter,pthread_static_inter,inter,4,0.95945,158.75715,4.1589,,,,,,
ivfpq_pthread_static_inter_t8.txt,ivfpq_local,ivfpq_pthread_static_inter,ivfpq_pthread_static_inter,pthread_static_inter,inter,8,0.95945,95.44805,6.9174,,,,,,
ivfpq_pthread_static_inter_t16.txt,ivfpq_local,ivfpq_pthread_static_inter,ivfpq_pthread_static_inter,pthread_static_inter,inter,16,0.95945,61.81715,10.6807,,,,,,
ivfpq_pthread_static_intra_t1.txt,ivfpq_local,ivfpq_pthread_static_intra,ivfpq_pthread_static_intra,pthread_static_intra,intra,1,0.95945,1487.48505,1.0,,,,,,
ivfpq_pthread_static_intra_t2.txt,ivfpq_local,ivfpq_pthread_static_intra,ivfpq_pthread_static_intra,pthread_static_intra,intra,2,0.95945,1177.83975,1.2629,,,,,,
ivfpq_pthread_static_intra_t4.txt,ivfpq_local,ivfpq_pthread_static_intra,ivfpq_pthread_static_intra,pthread_static_intra,intra,4,0.95945,1322.2999,1.1249,,,,,,
ivfpq_pthread_static_intra_t8.txt,ivfpq_local,ivfpq_pthread_static_intra,ivfpq_pthread_static_intra,pthread_static_intra,intra,8,0.95945,1506.3181,0.9875,,,,,,
ivfpq_pthread_static_intra_t16.txt,ivfpq_local,ivfpq_pthread_static_intra,ivfpq_pthread_static_intra,pthread_static_intra,intra,16,0.95945,1956.21515,0.7604,,,,,,
ivfpq_simd_t1.txt,ivfpq_local,ivfpq_simd,ivfpq_simd_serial,simd_serial,,1,0.95945,666.25245,1.0,,,,,,
ivfpq_simd_t2.txt,ivfpq_local,ivfpq_simd,ivfpq_simd_serial,simd_serial,,2,0.95945,691.75145,0.9631,,,,,,
ivfpq_simd_t4.txt,ivfpq_local,ivfpq_simd,ivfpq_simd_serial,simd_serial,,4,0.95945,623.39255,1.0688,,,,,,
ivfpq_simd_t8.txt,ivfpq_local,ivfpq_simd,ivfpq_simd_serial,simd_serial,,8,0.95945,618.5012,1.0772,,,,,,
ivfpq_simd_t16.txt,ivfpq_local,ivfpq_simd,ivfpq_simd_serial,simd_serial,,16,0.95945,657.59315,1.0132,,,,,,
pq_omp_inter_t1.txt,pq,pq_omp_inter,pq_omp_static_inter,omp_inter,inter,1,0.98335,1183.8851,1.0,,,,,,
pq_omp_inter_t2.txt,pq,pq_omp_inter,pq_omp_static_inter,omp_inter,inter,2,0.98335,591.1748,2.0026,,,,,,
pq_omp_inter_t4.txt,pq,pq_omp_inter,pq_omp_static_inter,omp_inter,inter,4,0.98335,323.50275,3.6596,,,,,,
pq_omp_inter_t8.txt,pq,pq_omp_inter,pq_omp_static_inter,omp_inter,inter,8,0.98335,206.4311,5.735,,,,,,
pq_omp_inter_t16.txt,pq,pq_omp_inter,pq_omp_static_inter,omp_inter,inter,16,0.98335,131.96975,8.9709,,,,,,
pq_omp_intra_t1.txt,pq,pq_omp_intra,pq_omp_static_intra,omp_intra,intra,1,0.98335,1563.49355,1.0,,,,,,
pq_omp_intra_t2.txt,pq,pq_omp_intra,pq_omp_static_intra,omp_intra,intra,2,0.98335,1682.38485,0.9293,,,,,,
pq_omp_intra_t4.txt,pq,pq_omp_intra,pq_omp_static_intra,omp_intra,intra,4,0.98335,2261.27915,0.6914,,,,,,
pq_omp_intra_t8.txt,pq,pq_omp_intra,pq_omp_static_intra,omp_intra,intra,8,0.98335,2558.95785,0.611,,,,,,
pq_omp_intra_t16.txt,pq,pq_omp_intra,pq_omp_static_intra,omp_intra,intra,16,0.98335,3096.8647,0.5049,,,,,,
pq_pthread_dynamic_inter_t1.txt,pq,pq_pthread_dynamic_inter,pq_pthread_dynamic_inter,pthread_dynamic_inter,inter,1,0.98335,1175.3591,1.0,,,,,,
pq_pthread_dynamic_inter_t2.txt,pq,pq_pthread_dynamic_inter,pq_pthread_dynamic_inter,pthread_dynamic_inter,inter,2,0.98335,614.84025,1.9116,,,,,,
pq_pthread_dynamic_inter_t4.txt,pq,pq_pthread_dynamic_inter,pq_pthread_dynamic_inter,pthread_dynamic_inter,inter,4,0.98335,321.00485,3.6615,,,,,,
pq_pthread_dynamic_inter_t8.txt,pq,pq_pthread_dynamic_inter,pq_pthread_dynamic_inter,pthread_dynamic_inter,inter,8,0.98335,183.58855,6.4021,,,,,,
pq_pthread_dynamic_inter_t16.txt,pq,pq_pthread_dynamic_inter,pq_pthread_dynamic_inter,pthread_dynamic_inter,inter,16,0.98335,141.9346,8.281,,,,,,
pq_pthread_dynamic_intra_t1.txt,pq,pq_pthread_dynamic_intra,pq_pthread_dynamic_intra,pthread_dynamic_intra,intra,1,0.98335,3258.094,1.0,,,,,,
pq_pthread_dynamic_intra_t2.txt,pq,pq_pthread_dynamic_intra,pq_pthread_dynamic_intra,pthread_dynamic_intra,intra,2,0.98335,4017.7461,0.8109,,,,,,
pq_pthread_dynamic_intra_t4.txt,pq,pq_pthread_dynamic_intra,pq_pthread_dynamic_intra,pthread_dynamic_intra,intra,4,0.98335,4627.9954,0.704,,,,,,
pq_pthread_dynamic_intra_t8.txt,pq,pq_pthread_dynamic_intra,pq_pthread_dynamic_intra,pthread_dynamic_intra,intra,8,0.98335,5336.76055,0.6105,,,,,,
pq_pthread_dynamic_intra_t16.txt,pq,pq_pthread_dynamic_intra,pq_pthread_dynamic_intra,pthread_dynamic_intra,intra,16,0.98335,5643.24695,0.5773,,,,,,
pq_pthread_pool_inter_t1.txt,pq,pq_pthread_pool_inter,pq_pthread_pool_inter,pthread_pool_inter,inter,1,0.98335,1212.65425,1.0,,,,,,
pq_pthread_pool_inter_t2.txt,pq,pq_pthread_pool_inter,pq_pthread_pool_inter,pthread_pool_inter,inter,2,0.98335,609.3078,1.9902,,,,,,
pq_pthread_pool_inter_t4.txt,pq,pq_pthread_pool_inter,pq_pthread_pool_inter,pthread_pool_inter,inter,4,0.98335,296.90865,4.0843,,,,,,
pq_pthread_pool_inter_t8.txt,pq,pq_pthread_pool_inter,pq_pthread_pool_inter,pthread_pool_inter,inter,8,0.98335,193.95155,6.2524,,,,,,
pq_pthread_pool_inter_t16.txt,pq,pq_pthread_pool_inter,pq_pthread_pool_inter,pthread_pool_inter,inter,16,0.98335,138.22285,8.7732,,,,,,
pq_pthread_pool_intra_t1.txt,pq,pq_pthread_pool_intra,pq_pthread_pool_intra,pthread_pool_intra,intra,1,0.98335,2152.62595,1.0,,,,,,
pq_pthread_pool_intra_t2.txt,pq,pq_pthread_pool_intra,pq_pthread_pool_intra,pthread_pool_intra,intra,2,0.98335,2201.81595,0.9777,,,,,,
pq_pthread_pool_intra_t4.txt,pq,pq_pthread_pool_intra,pq_pthread_pool_intra,pthread_pool_intra,intra,4,0.98335,2244.2483,0.9592,,,,,,
pq_pthread_pool_intra_t8.txt,pq,pq_pthread_pool_intra,pq_pthread_pool_intra,pthread_pool_intra,intra,8,0.98335,3193.341,0.6741,,,,,,
pq_pthread_pool_intra_t16.txt,pq,pq_pthread_pool_intra,pq_pthread_pool_intra,pthread_pool_intra,intra,16,0.98335,4077.6798,0.5279,,,,,,
pq_pthread_static_inter_t1.txt,pq,pq_pthread_static_inter,pq_pthread_static_inter,pthread_static_inter,inter,1,0.98335,1248.66885,1.0,,,,,,
pq_pthread_static_inter_t2.txt,pq,pq_pthread_static_inter,pq_pthread_static_inter,pthread_static_inter,inter,2,0.98335,598.9758,2.0847,,,,,,
pq_pthread_static_inter_t4.txt,pq,pq_pthread_static_inter,pq_pthread_static_inter,pthread_static_inter,inter,4,0.98335,324.59865,3.8468,,,,,,
pq_pthread_static_inter_t8.txt,pq,pq_pthread_static_inter,pq_pthread_static_inter,pthread_static_inter,inter,8,0.98335,197.94325,6.3082,,,,,,
pq_pthread_static_inter_t16.txt,pq,pq_pthread_static_inter,pq_pthread_static_inter,pthread_static_inter,inter,16,0.98335,132.1362,9.4499,,,,,,
pq_pthread_static_intra_t1.txt,pq,pq_pthread_static_intra,pq_pthread_static_intra,pthread_static_intra,intra,1,0.98335,1795.66055,1.0,,,,,,
pq_pthread_static_intra_t2.txt,pq,pq_pthread_static_intra,pq_pthread_static_intra,pthread_static_intra,intra,2,0.98335,2264.45875,0.793,,,,,,
pq_pthread_static_intra_t4.txt,pq,pq_pthread_static_intra,pq_pthread_static_intra,pthread_static_intra,intra,4,0.98335,2034.61005,0.8826,,,,,,
pq_pthread_static_intra_t8.txt,pq,pq_pthread_static_intra,pq_pthread_static_intra,pthread_static_intra,intra,8,0.98335,2704.8185,0.6639,,,,,,
pq_pthread_static_intra_t16.txt,pq,pq_pthread_static_intra,pq_pthread_static_intra,pthread_static_intra,intra,16,0.98335,3998.88335,0.449,,,,,,
sq_omp_inter_t1.txt,sq,sq_omp_inter,sq_omp_static_inter,omp_inter,inter,1,0.99995,1138.9817,1.0,,,,,,
sq_omp_inter_t4.txt,sq,sq_omp_inter,sq_omp_static_inter,omp_inter,inter,4,0.99995,266.02855,4.2814,,,,,,
sq_omp_inter_t8.txt,sq,sq_omp_inter,sq_omp_static_inter,omp_inter,inter,8,0.99995,146.68995,7.7646,,,,,,
sq_omp_inter_t16.txt,sq,sq_omp_inter,sq_omp_static_inter,omp_inter,inter,16,0.99995,118.2997,9.6279,,,,,,
sq_omp_intra_t1.txt,sq,sq_omp_intra,sq_omp_static_intra,omp_intra,intra,1,0.99995,871.48355,1.0,,,,,,
sq_omp_intra_t4.txt,sq,sq_omp_intra,sq_omp_static_intra,omp_intra,intra,4,0.99995,704.3112,1.2374,,,,,,
sq_omp_intra_t8.txt,sq,sq_omp_intra,sq_omp_static_intra,omp_intra,intra,8,0.99995,935.29155,0.9318,,,,,,
sq_omp_intra_t16.txt,sq,sq_omp_intra,sq_omp_static_intra,omp_intra,intra,16,0.99995,887.91435,0.9815,,,,,,
sq_pthread_dynamic_inter_t1.txt,sq,sq_pthread_dynamic_inter,sq_pthread_dynamic_inter,pthread_dynamic_inter,inter,1,0.99995,1012.61385,1.0,,,,,,
sq_pthread_dynamic_inter_t4.txt,sq,sq_pthread_dynamic_inter,sq_pthread_dynamic_inter,pthread_dynamic_inter,inter,4,0.99995,200.5035,5.0504,,,,,,
sq_pthread_dynamic_inter_t8.txt,sq,sq_pthread_dynamic_inter,sq_pthread_dynamic_inter,pthread_dynamic_inter,inter,8,0.99995,115.0306,8.803,,,,,,
sq_pthread_dynamic_inter_t16.txt,sq,sq_pthread_dynamic_inter,sq_pthread_dynamic_inter,pthread_dynamic_inter,inter,16,0.99995,86.52985,11.7025,,,,,,
sq_pthread_dynamic_intra_t1.txt,sq,sq_pthread_dynamic_intra,sq_pthread_dynamic_intra,pthread_dynamic_intra,intra,1,0.99995,5610.0174,1.0,,,,,,
sq_pthread_dynamic_intra_t4.txt,sq,sq_pthread_dynamic_intra,sq_pthread_dynamic_intra,pthread_dynamic_intra,intra,4,0.99995,7696.30905,0.7289,,,,,,
sq_pthread_dynamic_intra_t8.txt,sq,sq_pthread_dynamic_intra,sq_pthread_dynamic_intra,pthread_dynamic_intra,intra,8,0.99995,7171.8623,0.7822,,,,,,
sq_pthread_dynamic_intra_t16.txt,sq,sq_pthread_dynamic_intra,sq_pthread_dynamic_intra,pthread_dynamic_intra,intra,16,0.99995,8018.84585,0.6996,,,,,,
sq_pthread_pool_inter_t1.txt,sq,sq_pthread_pool_inter,sq_pthread_pool_inter,pthread_pool_inter,inter,1,0.99995,796.89055,1.0,,,,,,
sq_pthread_pool_inter_t4.txt,sq,sq_pthread_pool_inter,sq_pthread_pool_inter,pthread_pool_inter,inter,4,0.99995,208.22495,3.8271,,,,,,
sq_pthread_pool_inter_t8.txt,sq,sq_pthread_pool_inter,sq_pthread_pool_inter,pthread_pool_inter,inter,8,0.99995,126.44095,6.3025,,,,,,
sq_pthread_pool_inter_t16.txt,sq,sq_pthread_pool_inter,sq_pthread_pool_inter,pthread_pool_inter,inter,16,0.99995,92.4248,8.622,,,,,,
sq_pthread_pool_intra_t1.txt,sq,sq_pthread_pool_intra,sq_pthread_pool_intra,pthread_pool_intra,intra,1,0.99995,3080.76325,1.0,,,,,,
sq_pthread_pool_intra_t4.txt,sq,sq_pthread_pool_intra,sq_pthread_pool_intra,pthread_pool_intra,intra,4,0.99995,1608.92615,1.9148,,,,,,
sq_pthread_pool_intra_t8.txt,sq,sq_pthread_pool_intra,sq_pthread_pool_intra,pthread_pool_intra,intra,8,0.99995,1219.74975,2.5257,,,,,,
sq_pthread_pool_intra_t16.txt,sq,sq_pthread_pool_intra,sq_pthread_pool_intra,pthread_pool_intra,intra,16,0.99995,2346.3144,1.313,,,,,,
sq_pthread_static_inter_t1.txt,sq,sq_pthread_static_inter,sq_pthread_static_inter,pthread_static_inter,inter,1,0.99995,738.4767,1.0,,,,,,
sq_pthread_static_inter_t4.txt,sq,sq_pthread_static_inter,sq_pthread_static_inter,pthread_static_inter,inter,4,0.99995,196.93385,3.7499,,,,,,
sq_pthread_static_inter_t8.txt,sq,sq_pthread_static_inter,sq_pthread_static_inter,pthread_static_inter,inter,8,0.99995,152.3111,4.8485,,,,,,
sq_pthread_static_inter_t16.txt,sq,sq_pthread_static_inter,sq_pthread_static_inter,pthread_static_inter,inter,16,0.99995,126.1182,5.8554,,,,,,
sq_pthread_static_intra_t1.txt,sq,sq_pthread_static_intra,sq_pthread_static_intra,pthread_static_intra,intra,1,0.99995,1430.81545,1.0,,,,,,
sq_pthread_static_intra_t4.txt,sq,sq_pthread_static_intra,sq_pthread_static_intra,pthread_static_intra,intra,4,0.99995,889.7459,1.6081,,,,,,
sq_pthread_static_intra_t8.txt,sq,sq_pthread_static_intra,sq_pthread_static_intra,pthread_static_intra,intra,8,0.99995,1046.90865,1.3667,,,,,,
sq_pthread_static_intra_t16.txt,sq,sq_pthread_static_intra,sq_pthread_static_intra,pthread_static_intra,intra,16,0.99995,1552.1242,0.9218,,,,,,
