Function,CPU Time,Clockticks,Clockticks:Performance-core (P-core),Clockticks:Efficient-core (E-core),Instructions Retired,Instructions Retired:Performance-core (P-core),Instructions Retired:Efficient-core (E-core),CPI Rate,CPI Rate:Performance-core (P-core),CPI Rate:Efficient-core (E-core),Performance-core (P-core):Retiring(%),Performance-core (P-core):Retiring:Light Operations(%),Performance-core (P-core):Retiring:Light Operations:FP Arithmetic(%),Performance-core (P-core):Retiring:Light Operations:FP Arithmetic:FP x87(%),Performance-core (P-core):Retiring:Light Operations:FP Arithmetic:FP Scalar(%),Performance-core (P-core):Retiring:Light Operations:FP Arithmetic:FP Vector(%),Performance-core (P-core):Retiring:Light Operations:FP Arithmetic:FP Vector:128-bit FP Vector(%),Performance-core (P-core):Retiring:Light Operations:FP Arithmetic:FP Vector:256-bit FP Vector(%),Performance-core (P-core):Retiring:Light Operations:Integer Operations(%),Performance-core (P-core):Retiring:Light Operations:Integer Operations:128-bit Integer Vector Operations(%),Performance-core (P-core):Retiring:Light Operations:Integer Operations:256-bit Vector Operations(%),Performance-core (P-core):Retiring:Light Operations:Memory Operations(%),Performance-core (P-core):Retiring:Light Operations:Fused Instructions(%),Performance-core (P-core):Retiring:Light Operations:Non Fused Branches(%),Performance-core (P-core):Retiring:Light Operations:Other(%),Performance-core (P-core):Retiring:Light Operations:Other:Nop Instructions(%),Performance-core (P-core):Retiring:Light Operations:Other:Shuffles_256b(%),Performance-core (P-core):Retiring:Heavy Operations(%),Performance-core (P-core):Retiring:Heavy Operations:Few Uops Instructions(%),Performance-core (P-core):Retiring:Heavy Operations:Microcode Sequencer(%),Performance-core (P-core):Retiring:Heavy Operations:Microcode Sequencer:Assists(%),Performance-core (P-core):Retiring:Heavy Operations:Microcode Sequencer:Assists:Page Faults(%),Performance-core (P-core):Retiring:Heavy Operations:Microcode Sequencer:Assists:FP Assists(%),Performance-core (P-core):Retiring:Heavy Operations:Microcode Sequencer:Assists:AVX Assists(%),Performance-core (P-core):Retiring:Heavy Operations:Microcode Sequencer:CISC(%),Performance-core (P-core):Front-End Bound(%),Performance-core (P-core):Front-End Bound:Front-End Latency(%),Performance-core (P-core):Front-End Bound:Front-End Latency:ICache Misses(%),Performance-core (P-core):Front-End Bound:Front-End Latency:ICache Misses:Code L2 Hit(%),Performance-core (P-core):Front-End Bound:Front-End Latency:ICache Misses:Code L2 Miss(%),Performance-core (P-core):Front-End Bound:Front-End Latency:ITLB Misses(%),Performance-core (P-core):Front-End Bound:Front-End Latency:ITLB Misses:Code STLB Hit(%),Performance-core (P-core):Front-End Bound:Front-End Latency:ITLB Misses:Code STLB Miss(%),Performance-core (P-core):Front-End Bound:Front-End Latency:ITLB Misses:Code STLB Miss:Code STLB Miss 4K(%),Performance-core (P-core):Front-End Bound:Front-End Latency:ITLB Misses:Code STLB Miss:Code STLB Miss 2M(%),Performance-core (P-core):Front-End Bound:Front-End Latency:Branch Resteers(%),Performance-core (P-core):Front-End Bound:Front-End Latency:Branch Resteers:Mispredicts Resteers(%),Performance-core (P-core):Front-End Bound:Front-End Latency:Branch Resteers:Clears Resteers(%),Performance-core (P-core):Front-End Bound:Front-End Latency:Branch Resteers:Unknown Branches(%),Performance-core (P-core):Front-End Bound:Front-End Latency:MS Switches(%),Performance-core (P-core):Front-End Bound:Front-End Latency:Length Changing Prefixes(%),Performance-core (P-core):Front-End Bound:Front-End Latency:DSB Switches(%),Performance-core (P-core):Front-End Bound:Front-End Bandwidth(%),Performance-core (P-core):Front-End Bound:Front-End Bandwidth:Front-End Bandwidth MITE(%),Performance-core (P-core):Front-End Bound:Front-End Bandwidth:Front-End Bandwidth MITE:Decoder-0 Alone(%),Performance-core (P-core):Front-End Bound:Front-End Bandwidth:Front-End Bandwidth DSB(%),Performance-core (P-core):Front-End Bound:Front-End Bandwidth:Front-End Bandwidth LSD(%),Performance-core (P-core):Front-End Bound:Front-End Bandwidth:MS(%),Performance-core (P-core):Front-End Bound:Front-End Bandwidth:(Info) DSB Coverage(%),Performance-core (P-core):Front-End Bound:Front-End Bandwidth:(Info) LSD Coverage(%),Performance-core (P-core):Front-End Bound:Front-End Bandwidth:(Info) DSB Misses(%),Performance-core (P-core):Bad Speculation(%),Performance-core (P-core):Bad Speculation:Branch Mispredict(%),Performance-core (P-core):Bad Speculation:Branch Mispredict:Other Mispredicts(%),Performance-core (P-core):Bad Speculation:Machine Clears(%),Performance-core (P-core):Bad Speculation:Machine Clears:Other Nukes(%),Performance-core (P-core):Back-End Bound(%),Performance-core (P-core):Back-End Bound:Memory Bound(%),Performance-core (P-core):Back-End Bound:Memory Bound:L1 Bound(%),Performance-core (P-core):Back-End Bound:Memory Bound:L1 Bound:DTLB Overhead(%),Performance-core (P-core):Back-End Bound:Memory Bound:L1 Bound:DTLB Overhead:Load STLB Hit(%),Performance-core (P-core):Back-End Bound:Memory Bound:L1 Bound:DTLB Overhead:Load STLB Miss(%),Performance-core (P-core):Back-End Bound:Memory Bound:L1 Bound:DTLB Overhead:Load STLB Miss:Load STLB Miss 4K(%),Performance-core (P-core):Back-End Bound:Memory Bound:L1 Bound:DTLB Overhead:Load STLB Miss:Load STLB Miss 2M(%),Performance-core (P-core):Back-End Bound:Memory Bound:L1 Bound:DTLB Overhead:Load STLB Miss:Load STLB Miss 1G(%),Performance-core (P-core):Back-End Bound:Memory Bound:L1 Bound:Loads Blocked by Store Forwarding(%),Performance-core (P-core):Back-End Bound:Memory Bound:L1 Bound:L1 Latency Dependency(%),Performance-core (P-core):Back-End Bound:Memory Bound:L1 Bound:Lock Latency(%),Performance-core (P-core):Back-End Bound:Memory Bound:L1 Bound:Split Loads(%),Performance-core (P-core):Back-End Bound:Memory Bound:L1 Bound:FB Full(%),Performance-core (P-core):Back-End Bound:Memory Bound:L2 Bound(%),Performance-core (P-core):Back-End Bound:Memory Bound:L2 Bound:L2 Hit Latency(%),Performance-core (P-core):Back-End Bound:Memory Bound:L3 Bound(%),Performance-core (P-core):Back-End Bound:Memory Bound:L3 Bound:L3 Latency(%),Performance-core (P-core):Back-End Bound:Memory Bound:L3 Bound:SQ Full(%),Performance-core (P-core):Back-End Bound:Memory Bound:DRAM Bound(%),Performance-core (P-core):Back-End Bound:Memory Bound:DRAM Bound:Memory Bandwidth(%),Performance-core (P-core):Back-End Bound:Memory Bound:DRAM Bound:Memory Latency(%),Performance-core (P-core):Back-End Bound:Memory Bound:Store Bound(%),Performance-core (P-core):Back-End Bound:Memory Bound:Store Bound:Store Latency(%),Performance-core (P-core):Back-End Bound:Memory Bound:Store Bound:Split Stores(%),Performance-core (P-core):Back-End Bound:Memory Bound:Store Bound:DTLB Store Overhead(%),Performance-core (P-core):Back-End Bound:Memory Bound:Store Bound:DTLB Store Overhead:Store STLB Hit(%),Performance-core (P-core):Back-End Bound:Memory Bound:Store Bound:DTLB Store Overhead:Store STLB Miss(%),Performance-core (P-core):Back-End Bound:Memory Bound:Store Bound:DTLB Store Overhead:Store STLB Miss:Store STLB Miss 4K(%),Performance-core (P-core):Back-End Bound:Memory Bound:Store Bound:DTLB Store Overhead:Store STLB Miss:Store STLB Miss 2M(%),Performance-core (P-core):Back-End Bound:Memory Bound:Store Bound:DTLB Store Overhead:Store STLB Miss:Store STLB Miss 1G(%),Performance-core (P-core):Back-End Bound:Core Bound(%),Performance-core (P-core):Back-End Bound:Core Bound:Divider(%),Performance-core (P-core):Back-End Bound:Core Bound:Divider:FP Divider(%),Performance-core (P-core):Back-End Bound:Core Bound:Divider:INT Divider(%),Performance-core (P-core):Back-End Bound:Core Bound:Serializing Operations(%),Performance-core (P-core):Back-End Bound:Core Bound:Serializing Operations:Slow Pause(%),Performance-core (P-core):Back-End Bound:Core Bound:Serializing Operations:C01 Wait(%),Performance-core (P-core):Back-End Bound:Core Bound:Serializing Operations:C02 Wait(%),Performance-core (P-core):Back-End Bound:Core Bound:Serializing Operations:Memory Fence(%),Performance-core (P-core):Back-End Bound:Core Bound:Port Utilization(%),Performance-core (P-core):Back-End Bound:Core Bound:Port Utilization:Cycles of 0 Ports Utilized(%),Performance-core (P-core):Back-End Bound:Core Bound:Port Utilization:Cycles of 0 Ports Utilized:Mixing Vectors(%),Performance-core (P-core):Back-End Bound:Core Bound:Port Utilization:Cycles of 1 Port Utilized(%),Performance-core (P-core):Back-End Bound:Core Bound:Port Utilization:Cycles of 2 Ports Utilized(%),Performance-core (P-core):Back-End Bound:Core Bound:Port Utilization:Cycles of 3+ Ports Utilized(%),Performance-core (P-core):Back-End Bound:Core Bound:Port Utilization:Cycles of 3+ Ports Utilized:ALU Operation Utilization(%),Performance-core (P-core):Back-End Bound:Core Bound:Port Utilization:Cycles of 3+ Ports Utilized:ALU Operation Utilization:Port 0(%),Performance-core (P-core):Back-End Bound:Core Bound:Port Utilization:Cycles of 3+ Ports Utilized:ALU Operation Utilization:Port 1(%),Performance-core (P-core):Back-End Bound:Core Bound:Port Utilization:Cycles of 3+ Ports Utilized:ALU Operation Utilization:Port 6(%),Performance-core (P-core):Back-End Bound:Core Bound:Port Utilization:Cycles of 3+ Ports Utilized:Load Operation Utilization(%),Performance-core (P-core):Back-End Bound:Core Bound:Port Utilization:Cycles of 3+ Ports Utilized:Store Operation Utilization(%),Performance-core (P-core):Back-End Bound:Core Bound:Port Utilization:Vector Capacity Usage (FPU)(%),Efficient-core (E-core):Retiring(%),Efficient-core (E-core):Retiring:General Retirement(%),Efficient-core (E-core):Retiring:General Retirement:FP Arithmetic(%),Efficient-core (E-core):Retiring:General Retirement:Other(%),Efficient-core (E-core):Retiring:Microcode Sequencer(%),Efficient-core (E-core):Front-End Bound(%),Efficient-core (E-core):Front-End Bound:Front-End Latency(%),Efficient-core (E-core):Front-End Bound:Front-End Latency:ICache Misses(%),Efficient-core (E-core):Front-End Bound:Front-End Latency:ITLB Misses(%),Efficient-core (E-core):Front-End Bound:Front-End Latency:BACLEARS(%),Efficient-core (E-core):Front-End Bound:Front-End Latency:Branch Resteers(%),Efficient-core (E-core):Front-End Bound:Front-End Bandwidth(%),Efficient-core (E-core):Front-End Bound:Front-End Bandwidth:Cisc(%),Efficient-core (E-core):Front-End Bound:Front-End Bandwidth:Decode(%),Efficient-core (E-core):Front-End Bound:Front-End Bandwidth:Pre-Decode Wrong(%),Efficient-core (E-core):Front-End Bound:Front-End Bandwidth:Front-End Other(%),Efficient-core (E-core):Bad Speculation(%),Efficient-core (E-core):Bad Speculation:Branch Mispredict(%),Efficient-core (E-core):Bad Speculation:Machine Clears(%),Efficient-core (E-core):Bad Speculation:Machine Clears:Machine Clear(%),Efficient-core (E-core):Bad Speculation:Machine Clears:Machine Clear:SMC Machine Clear,Efficient-core (E-core):Bad Speculation:Machine Clears:Machine Clear:Machine Ordering,Efficient-core (E-core):Bad Speculation:Machine Clears:Machine Clear:FP Assists,Efficient-core (E-core):Bad Speculation:Machine Clears:Machine Clear:Disambiguation,Efficient-core (E-core):Bad Speculation:Machine Clears:Machine Clear:Page Faults,Efficient-core (E-core):Bad Speculation:Machine Clears:Fast Machine Clears(%),Efficient-core (E-core):Back-End Bound(%),Efficient-core (E-core):Back-End Bound:Core Bound(%),Efficient-core (E-core):Back-End Bound:Memory Bound(%),Efficient-core (E-core):Back-End Bound:Memory Bound:Store Bound(%),Efficient-core (E-core):Back-End Bound:Memory Bound:L1 Bound(%),Efficient-core (E-core):Back-End Bound:Memory Bound:L1 Bound:Loads Blocked by Store Forwarding(%),Efficient-core (E-core):Back-End Bound:Memory Bound:L1 Bound:Load STLB Hit(%),Efficient-core (E-core):Back-End Bound:Memory Bound:L1 Bound:Load STLB Miss(%),Efficient-core (E-core):Back-End Bound:Memory Bound:L1 Bound:Other L1(%),Efficient-core (E-core):Back-End Bound:Memory Bound:L2 Bound(%),Efficient-core (E-core):Back-End Bound:Memory Bound:L3 Bound(%),Efficient-core (E-core):Back-End Bound:Memory Bound:DRAM Bound(%),Efficient-core (E-core):Back-End Bound:Memory Bound:Other Load Store(%),Efficient-core (E-core):Back-End Bound Auxiliary(%),Efficient-core (E-core):Back-End Bound Auxiliary:Resource Bound(%),Efficient-core (E-core):Back-End Bound Auxiliary:Resource Bound:Memory Scheduler(%),Efficient-core (E-core):Back-End Bound Auxiliary:Resource Bound:Memory Scheduler:ST Buffer,Efficient-core (E-core):Back-End Bound Auxiliary:Resource Bound:Memory Scheduler:LD Buffer,Efficient-core (E-core):Back-End Bound Auxiliary:Resource Bound:Memory Scheduler:RSV,Efficient-core (E-core):Back-End Bound Auxiliary:Resource Bound:Non-memory Scheduler(%),Efficient-core (E-core):Back-End Bound Auxiliary:Resource Bound:Register(%),Efficient-core (E-core):Back-End Bound Auxiliary:Resource Bound:Full Re-order Buffer (ROB)(%),Efficient-core (E-core):Back-End Bound Auxiliary:Resource Bound:Allocation Restriction(%),Efficient-core (E-core):Back-End Bound Auxiliary:Resource Bound:Serializing Operations(%),Average CPU Frequency,Module,Function (Full),Source File,Start Address
_Z13_mm256_mul_psDv8_fS_,1.201920,2276200000,26955000,2249245000,1455570000,23960000,1431610000,1.563786,1.125000,1.571130,0.0,0.0,,0.0,0.0,,0.0,0.0,0.0,0.0,0.0,0.0,0.0,0.0,,0.0,0.0,0.0,0.0,0.0,0.0,0.0,0.0,0.0,0.0,0.0,,0.0,0.0,0.0,0.0,0.0,0.0,0.0,0.0,0.0,0.0,0.0,0.0,0.0,0.0,0.0,,0.0,0.0,0.0,0.0,0.0,0.0,0.0,,100.0,0.0,,100.0,100.0,0.0,0.0,0.0,0.0,0.0,0.0,0.0,0.0,0.0,0.0,0.0,0.0,0.0,100.0,0.0,0.0,0.0,0.0,0.0,0.0,96.5,3.5,0.0,0.0,0.0,0.0,0.0,0.0,0.0,0.0,0.0,0.0,0.0,0.0,0.0,0.0,0.0,0.0,0.0,0.0,0.0,0.0,0.0,0.0,0.0,0.0,0.0,0.0,0.0,0.0,0.0,0.0,0.0,12.2,11.3,0.0,11.3,1.0,3.3,0.9,0.2,0.0,0.2,0.1,3.6,0.9,1.5,0.0,1.2,0.0,11.8,5.9,0.2,0.0,0.0,0.0,0.0,0.0,0.4,90.4,15.2,75.2,0.0,6.0,0.0,0.8,6.8,0.8,1.0,1.9,18.5,47.8,90.4,90.4,32.3,0.000052,0.306342,0.004672,13.0,0.0,28.6,0.3,0.4,1893803890.083195,main_no_mpi_profile.exe,_Z13_mm256_mul_psDv8_fS_,avxintrin.h,0x140001680
InnerProductSIMD16ExtAVX,0.977935,1728115000,38935000,1689180000,1162060000,41930000,1120130000,1.487113,0.928571,1.508021,0.0,0.0,,0.0,0.0,,0.0,,0.0,0.0,0.0,0.0,0.0,0.0,,0.0,0.0,0.0,0.0,0.0,0.0,0.0,0.0,0.0,0.0,0.0,0.0,0.0,0.0,0.0,0.0,0.0,0.0,0.0,0.0,0.0,0.0,0.0,0.0,0.0,0.0,0.0,0.0,0.0,0.0,0.0,0.0,0.0,0.0,0.0,0.0,100.0,0.0,0.0,100.0,100.0,0.0,0.0,0.0,0.0,0.0,0.0,0.0,0.0,0.0,0.0,0.0,0.0,0.0,66.8,0.0,0.0,0.0,0.0,0.0,66.8,100.0,0.0,0.0,0.0,0.0,0.0,0.0,0.0,0.0,0.0,0.0,0.0,0.0,0.0,0.0,0.0,0.0,0.0,0.0,0.0,0.0,0.0,0.0,0.0,100.0,0.0,0.0,0.0,0.0,0.0,0.0,0.0,50.0,27.3,26.4,0.0,26.4,0.9,3.6,0.9,0.6,0.1,0.0,0.1,4.7,0.3,1.8,0.0,1.6,11.1,10.4,1.9,0.0,0.0,0.0,0.0,0.0,0.0,1.1,58.0,40.4,17.6,0.0,2.7,0.0,0.0,2.7,0.0,0.5,0.9,13.8,0.0,58.0,58.0,13.7,0.000110,0.126072,0.005258,5.8,0.0,30.4,0.5,0.3,1767106962.628834,main_no_mpi_profile.exe,InnerProductSIMD16ExtAVX,space_ip.h,0x140001650
hnswlib::HierarchicalNSW<float>::searchBaseLayer,0.897940,1470545000,11980000,1458565000,1126120000,11980000,1114140000,1.305851,1.000000,1.309140,0.0,0.0,0.0,0.0,0.0,0.0,0.0,0.0,0.0,0.0,0.0,0.0,0.0,0.0,0.0,0.0,0.0,0.0,0.0,0.0,0.0,0.0,0.0,0.0,0.0,0.0,0.0,0.0,0.0,0.0,0.0,0.0,0.0,0.0,0.0,0.0,0.0,0.0,0.0,0.0,0.0,0.0,0.0,0.0,0.0,0.0,0.0,0.0,0.0,0.0,0.0,100.0,0.0,0.0,100.0,100.0,0.0,0.0,0.0,0.0,0.0,21.7,0.0,0.0,0.0,0.0,0.0,0.0,0.0,100.0,100.0,0.0,0.0,0.0,0.0,0.0,0.0,100.0,0.0,0.0,0.0,0.0,0.0,0.0,0.0,0.0,0.0,0.0,0.0,0.0,0.0,0.0,0.0,0.0,0.0,0.0,0.0,0.0,0.0,0.0,0.0,0.0,0.0,0.0,0.0,0.0,0.0,0.0,0.0,20.0,19.7,0.0,19.7,0.2,10.7,1.2,1.0,0.2,0.1,0.2,13.2,2.7,6.9,0.0,2.7,22.1,44.2,5.2,0.0,0.0,0.0,0.0,0.0,0.0,4.6,47.1,0.0,47.1,0.3,41.3,0.0,3.1,35.8,0.0,1.6,0.6,14.8,0.0,47.1,47.1,21.7,0.003253,0.214923,0.007048,0.2,0.0,24.6,0.6,0.4,1637687503.600223,main_no_mpi_profile.exe,"hnswlib::HierarchicalNSW<float>::searchBaseLayer(unsigned int, void const*, int)",hnswalg.h,0x14000f480
pthread_mutex_lock,0.617959,1027285000,14975000,1012310000,727785000,11980000,715805000,1.411523,1.250000,1.414226,0.0,0.0,0.0,0.0,0.0,0.0,0.0,0.0,0.0,0.0,0.0,0.0,0.0,0.0,0.0,0.0,0.0,0.0,0.0,0.0,0.0,0.0,0.0,0.0,0.0,0.0,0.0,0.0,0.0,0.0,0.0,0.0,0.0,0.0,0.0,0.0,,,0.0,0.0,0.0,0.0,0.0,0.0,0.0,0.0,0.0,0.0,0.0,0.0,0.0,,0.0,0.0,,,,0.0,0.0,0.0,0.0,0.0,0.0,0.0,0.0,0.0,0.0,0.0,0.0,100.0,0.0,0.0,100.0,0.0,0.0,0.0,0.0,0.0,0.0,100.0,0.0,0.0,0.0,0.0,0.0,0.0,0.0,,0.0,0.0,0.0,0.0,0.0,0.0,0.0,0.0,0.0,0.0,0.0,0.0,100.0,0.0,0.0,0.0,0.0,0.0,0.0,0.0,0.0,4.8,4.8,0.0,4.8,0.0,7.3,2.3,1.1,0.5,0.5,0.0,6.8,2.5,2.7,0.0,0.5,0.0,9.4,1.6,0.0,0.0,0.0,0.0,0.0,0.0,0.7,100.0,0.0,100.0,0.2,33.8,0.0,4.4,35.6,0.9,1.1,3.2,23.3,61.9,100.0,100.0,81.1,0.001777,0.660741,0.153311,0.9,0.0,11.9,0.5,0.4,1662384667.490291,libwinpthread-1.dll,pthread_mutex_lock,[Unknown],0x2e3652ef0
_Z13_mm256_add_psDv8_fS_,0.550963,1090180000,20965000,1069215000,760730000,23960000,736770000,1.433071,0.875000,1.451220,0.0,0.0,0.0,0.0,0.0,0.0,0.0,0.0,0.0,0.0,0.0,0.0,0.0,0.0,0.0,0.0,0.0,0.0,0.0,0.0,0.0,0.0,0.0,0.0,0.0,0.0,0.0,0.0,0.0,0.0,0.0,0.0,0.0,0.0,0.0,0.0,,,0.0,0.0,0.0,0.0,0.0,0.0,0.0,0.0,0.0,0.0,0.0,0.0,0.0,,0.0,0.0,,,,0.0,0.0,0.0,0.0,0.0,0.0,0.0,0.0,0.0,0.0,0.0,0.0,100.0,0.0,0.0,0.0,100.0,0.0,100.0,0.0,100.0,0.0,0.0,0.0,,,0.0,0.0,0.0,0.0,,0.0,0.0,0.0,0.0,0.0,0.0,0.0,0.0,0.0,0.0,0.0,0.0,0.0,0.0,0.0,0.0,0.0,0.0,0.0,0.0,0.0,12.6,12.3,0.0,12.3,0.3,2.2,0.7,0.3,0.7,0.0,0.2,1.2,0.2,1.7,0.0,1.2,0.0,10.1,3.7,0.3,0.0,0.0,0.0,0.0,0.0,0.3,88.2,12.4,75.8,0.0,2.5,0.0,0.0,0.8,0.0,2.9,2.9,44.6,22.9,88.2,88.2,18.5,0.000147,0.191498,0.002497,14.1,0.0,39.1,0.5,0.7,1978680457.589837,main_no_mpi_profile.exe,_Z13_mm256_add_psDv8_fS_,avxintrin.h,0x140001680
"std::__adjust_heap<__gnu_cxx::__normal_iterator<std::pair<float, unsigned int>*, std::vector<std::pair<float, unsigned int>, std::allocator<std::pair<float, unsigned int>>>>, long long, std::pair<float, unsigned int>, __gnu_cxx::__ops::_Iter_comp_iter<hnswlib::HierarchicalNSW<float>::CompareByFirst>>",0.157989,308485000,2995000,305490000,278535000,2995000,275540000,1.107527,1.000000,1.108696,0.0,0.0,0.0,0.0,0.0,0.0,0.0,0.0,0.0,0.0,0.0,0.0,0.0,0.0,0.0,0.0,0.0,0.0,0.0,0.0,0.0,0.0,0.0,0.0,0.0,0.0,0.0,0.0,0.0,0.0,0.0,0.0,0.0,0.0,0.0,0.0,0.0,0.0,0.0,0.0,0.0,0.0,0.0,0.0,0.0,0.0,0.0,0.0,0.0,0.0,0.0,100.0,0.0,0.0,100.0,100.0,0.0,0.0,0.0,0.0,0.0,0.0,0.0,0.0,0.0,0.0,0.0,0.0,0.0,0.0,0.0,0.0,0.0,0.0,0.0,0.0,0.0,0.0,0.0,0.0,0.0,0.0,0.0,0.0,0.0,0.0,0.0,0.0,0.0,0.0,0.0,0.0,0.0,0.0,0.0,0.0,0.0,0.0,0.0,0.0,0.0,0.0,0.0,0.0,0.0,0.0,0.0,0.0,0.0,32.4,32.4,0.0,32.4,0.0,5.9,0.6,0.0,0.6,0.0,0.6,8.8,0.0,9.4,0.0,1.8,55.8,64.8,13.6,0.0,0.0,0.0,0.0,0.0,0.0,7.7,5.9,5.9,0.0,0.0,0.0,0.0,0.0,0.0,0.0,1.2,0.0,2.9,0.0,5.9,5.9,0.0,0.0,0.0,0.0,0.0,0.0,2.9,0.6,0.0,1952567325.246835,main_no_mpi_profile.exe,"std::__adjust_heap<__gnu_cxx::__normal_iterator<std::pair<float, unsigned int>*, std::vector<std::pair<float, unsigned int>, std::allocator<std::pair<float, unsigned int>>>>, long long, std::pair<float, unsigned int>, __gnu_cxx::__ops::_Iter_comp_iter<hnswlib::HierarchicalNSW<float>::CompareByFirst>>(__gnu_cxx::__normal_iterator<std::pair<float, unsigned int>*, std::vector<std::pair<float, unsigned int>, std::allocator<std::pair<float, unsigned int>>>>, long long, long long, std::pair<float, unsigned int>, __gnu_cxx::__ops::_Iter_comp_iter<hnswlib::HierarchicalNSW<float>::CompareByFirst>)",stl_heap.h,0x140015495
_Z13_mm256_add_psDv8_fS_,0.151990,275540000,2995000,272545000,152745000,2995000,149750000,1.803922,1.000000,1.820000,0.0,0.0,0.0,0.0,0.0,0.0,0.0,0.0,0.0,0.0,0.0,0.0,0.0,0.0,0.0,0.0,0.0,0.0,0.0,0.0,0.0,0.0,0.0,0.0,0.0,0.0,0.0,0.0,0.0,0.0,0.0,0.0,0.0,0.0,0.0,0.0,0.0,0.0,0.0,0.0,0.0,0.0,0.0,0.0,0.0,0.0,0.0,0.0,0.0,0.0,0.0,100.0,0.0,0.0,100.0,100.0,0.0,0.0,0.0,0.0,0.0,0.0,0.0,0.0,0.0,0.0,0.0,0.0,0.0,0.0,0.0,0.0,0.0,0.0,0.0,0.0,0.0,0.0,0.0,0.0,0.0,0.0,0.0,0.0,0.0,0.0,0.0,0.0,0.0,0.0,0.0,0.0,0.0,0.0,0.0,0.0,0.0,0.0,0.0,0.0,0.0,0.0,0.0,0.0,0.0,0.0,0.0,0.0,0.0,18.5,18.5,0.0,18.5,0.0,2.6,0.7,1.3,0.0,0.0,0.0,2.0,0.7,2.6,0.0,0.0,5.6,7.3,0.0,0.0,0.0,0.0,0.0,0.0,0.0,0.7,73.3,33.6,39.7,0.0,3.3,0.0,0.0,3.3,0.0,0.2,2.1,31.6,2.5,73.3,73.3,17.8,0.000358,0.192285,0.002865,11.2,0.0,27.7,0.0,0.0,1812884430.236842,main_no_mpi_profile.exe,_Z13_mm256_add_psDv8_fS_,avxintrin.h,0x14000169e
_mm256_loadu_ps,0.130991,215640000,11980000,203660000,164725000,14975000,149750000,1.309091,0.800000,1.360000,0.0,0.0,0.0,0.0,0.0,0.0,0.0,,0.0,0.0,0.0,0.0,0.0,0.0,0.0,0.0,0.0,0.0,0.0,0.0,0.0,0.0,0.0,0.0,0.0,0.0,0.0,0.0,0.0,0.0,0.0,0.0,0.0,0.0,0.0,0.0,0.0,0.0,0.0,0.0,0.0,0.0,0.0,0.0,0.0,0.0,0.0,0.0,0.0,0.0,0.0,100.0,0.0,0.0,100.0,100.0,0.0,0.0,0.0,0.0,0.0,0.0,0.0,0.0,0.0,0.0,0.0,0.0,0.0,0.0,0.0,0.0,0.0,100.0,0.0,0.0,0.0,0.0,0.0,0.0,0.0,0.0,0.0,0.0,0.0,0.0,0.0,0.0,0.0,0.0,0.0,0.0,0.0,0.0,0.0,0.0,0.0,0.0,0.0,0.0,0.0,0.0,0.0,0.0,0.0,0.0,0.0,0.0,50.0,20.3,20.3,0.0,20.3,0.0,2.7,0.0,0.9,0.9,0.0,0.0,2.7,0.0,0.0,0.0,0.9,21.3,12.4,3.5,0.0,0.0,0.0,0.0,0.0,0.0,1.8,55.7,29.1,26.6,0.1,0.0,0.0,0.0,0.0,0.0,0.9,0.9,18.1,6.5,55.7,55.7,20.3,0.000675,0.216788,0.002701,10.6,0.0,25.6,0.0,0.0,1646216993.404580,main_no_mpi_profile.exe,_mm256_loadu_ps(float const*),avxintrin.h,0x140001699
func@0x180028aa0,0.127991,242595000,0,242595000,146755000,2995000,143760000,1.653061,0.0,1.687500,0.0,0.0,0.0,0.0,0.0,0.0,0.0,0.0,0.0,0.0,0.0,0.0,0.0,0.0,0.0,0.0,0.0,0.0,0.0,0.0,0.0,0.0,0.0,0.0,0.0,0.0,0.0,0.0,0.0,0.0,0.0,0.0,0.0,0.0,0.0,0.0,0.0,0.0,0.0,0.0,0.0,0.0,0.0,0.0,0.0,0.0,0.0,0.0,0.0,0.0,0.0,100.0,0.0,0.0,100.0,100.0,0.0,0.0,0.0,0.0,0.0,0.0,0.0,0.0,0.0,0.0,,0.0,0.0,0.0,0.0,0.0,0.0,,0.0,0.0,0.0,0.0,0.0,0.0,0.0,0.0,0.0,0.0,0.0,0.0,0.0,0.0,0.0,0.0,0.0,0.0,0.0,0.0,0.0,0.0,0.0,0.0,0.0,0.0,0.0,0.0,0.0,0.0,0.0,0.0,0.0,0.0,0.0,17.1,17.1,0.0,17.1,0.0,16.3,7.4,3.7,1.5,1.5,0.0,4.5,0.0,3.7,0.0,3.7,14.7,20.8,3.0,0.0,0.0,0.0,0.0,0.0,0.0,2.2,51.9,0.0,51.9,0.1,7.4,0.0,7.4,18.5,3.7,12.6,11.1,1.5,19.2,51.9,51.9,0.7,0.000562,0.001461,0.003822,40.8,0.0,20.0,2.2,2.2,1895400229.710938,ntdll.dll,func@0x180028aa0,[Unknown],0x180028aa0
InnerProductDistanceSIMD16ExtAVX,0.115992,215640000,2995000,212645000,116805000,0,116805000,1.846154,,1.820513,0.0,0.0,0.0,0.0,0.0,0.0,0.0,0.0,0.0,0.0,0.0,0.0,0.0,0.0,0.0,0.0,0.0,0.0,0.0,0.0,0.0,0.0,0.0,0.0,0.0,0.0,0.0,0.0,0.0,0.0,0.0,0.0,0.0,0.0,0.0,0.0,0.0,0.0,0.0,0.0,0.0,0.0,0.0,0.0,0.0,0.0,0.0,0.0,0.0,0.0,0.0,100.0,0.0,0.0,100.0,100.0,0.0,0.0,0.0,0.0,0.0,0.0,0.0,0.0,0.0,0.0,0.0,0.0,0.0,0.0,0.0,0.0,0.0,0.0,0.0,0.0,0.0,0.0,0.0,0.0,0.0,0.0,0.0,0.0,0.0,0.0,0.0,0.0,0.0,0.0,0.0,0.0,0.0,0.0,0.0,0.0,0.0,0.0,0.0,0.0,0.0,0.0,0.0,0.0,0.0,0.0,0.0,0.0,0.0,32.2,32.2,0.0,32.2,0.0,5.9,1.7,0.0,0.8,0.0,0.0,5.9,0.0,2.5,0.0,0.8,17.0,22.0,7.6,0.0,0.0,0.0,0.0,0.0,0.0,6.8,44.9,40.6,4.2,0.0,0.0,0.0,8.5,0.0,0.0,0.3,1.1,6.3,0.0,44.9,44.9,0.8,0.000145,0.006439,0.000868,0.0,0.0,30.5,0.8,2.5,1859089880.482759,main_no_mpi_profile.exe,InnerProductDistanceSIMD16ExtAVX,space_ip.h,0x140001700
_Z13_mm256_mul_psDv8_fS_,0.094994,182695000,0,182695000,128785000,0,128785000,1.418605,0.0,1.418605,0.0,0.0,0.0,0.0,0.0,0.0,0.0,0.0,0.0,0.0,0.0,0.0,0.0,0.0,0.0,0.0,0.0,0.0,0.0,0.0,0.0,0.0,0.0,0.0,0.0,0.0,0.0,0.0,0.0,0.0,0.0,0.0,0.0,0.0,0.0,0.0,0.0,0.0,0.0,0.0,0.0,0.0,0.0,0.0,0.0,0.0,0.0,0.0,0.0,0.0,0.0,100.0,0.0,0.0,100.0,100.0,0.0,0.0,0.0,0.0,0.0,0.0,0.0,0.0,0.0,0.0,0.0,0.0,0.0,0.0,0.0,0.0,0.0,,0.0,0.0,0.0,0.0,0.0,0.0,0.0,0.0,0.0,0.0,0.0,0.0,0.0,0.0,0.0,0.0,0.0,0.0,0.0,0.0,0.0,0.0,0.0,0.0,0.0,0.0,0.0,0.0,0.0,0.0,0.0,0.0,0.0,0.0,0.0,17.7,17.7,0.0,17.7,0.0,2.0,0.0,0.0,1.0,0.0,0.0,2.0,0.0,0.0,0.0,1.0,35.0,3.9,16.7,0.0,0.0,0.0,0.0,0.0,0.0,8.9,45.3,10.8,34.5,0.1,4.9,0.0,0.0,0.0,0.0,0.1,0.4,3.7,25.3,45.3,45.3,11.8,0.000636,0.118230,0.003178,3.0,0.0,23.6,0.0,1.0,1923233917.294737,main_no_mpi_profile.exe,_Z13_mm256_mul_psDv8_fS_,avxintrin.h,0x14000169e
"std::priority_queue<std::pair<float, unsigned int>, std::vector<std::pair<float, unsigned int>, std::allocator<std::pair<float, unsigned int>>>, hnswlib::HierarchicalNSW<float>::CompareByFirst>::emplace<float, unsigned int&>",0.089994,152745000,8985000,143760000,101830000,8985000,92845000,1.500000,1.000000,1.548387,0.0,0.0,0.0,0.0,0.0,0.0,0.0,0.0,0.0,0.0,0.0,0.0,0.0,0.0,0.0,0.0,0.0,0.0,0.0,0.0,0.0,0.0,0.0,0.0,0.0,0.0,0.0,0.0,0.0,0.0,0.0,0.0,0.0,0.0,0.0,0.0,0.0,0.0,0.0,0.0,0.0,0.0,0.0,0.0,0.0,0.0,0.0,0.0,0.0,0.0,0.0,100.0,0.0,0.0,100.0,100.0,0.0,0.0,0.0,0.0,0.0,28.9,0.0,0.0,0.0,0.0,0.0,0.0,0.0,0.0,0.0,100.0,0.0,0.0,0.0,0.0,0.0,100.0,0.0,0.0,0.0,0.0,0.0,0.0,0.0,0.0,0.0,0.0,0.0,0.0,0.0,0.0,0.0,0.0,0.0,0.0,0.0,0.0,0.0,0.0,0.0,0.0,0.0,0.0,0.0,0.0,0.0,0.0,0.0,41.3,41.3,0.0,41.3,0.0,12.5,3.8,2.5,0.0,1.3,0.0,11.3,0.0,5.0,1.3,1.3,6.1,76.4,1.3,0.0,0.0,0.0,0.0,0.0,0.0,3.8,40.1,40.1,0.0,0.0,0.0,0.0,0.0,0.0,0.0,0.0,0.0,0.0,0.0,40.1,40.1,0.0,0.0,0.0,0.0,1.3,0.0,31.3,0.0,0.0,1697280205.700000,main_no_mpi_profile.exe,"std::priority_queue<std::pair<float, unsigned int>, std::vector<std::pair<float, unsigned int>, std::allocator<std::pair<float, unsigned int>>>, hnswlib::HierarchicalNSW<float>::CompareByFirst>::emplace<float, unsigned int&>(float&&)",stl_queue.h,0x14000f776
"__gnu_cxx::__normal_iterator<std::pair<float, unsigned int>*, std::vector<std::pair<float, unsigned int>, std::allocator<std::pair<float, unsigned int>>>>::operator+",0.069995,152745000,0,152745000,86855000,0,86855000,1.758621,0.0,1.758621,0.0,0.0,0.0,0.0,0.0,0.0,0.0,0.0,0.0,0.0,0.0,0.0,0.0,0.0,0.0,0.0,0.0,0.0,0.0,0.0,0.0,0.0,0.0,0.0,0.0,0.0,0.0,0.0,0.0,0.0,0.0,0.0,0.0,0.0,0.0,0.0,0.0,0.0,0.0,0.0,0.0,0.0,0.0,0.0,0.0,0.0,0.0,0.0,0.0,0.0,0.0,100.0,0.0,0.0,100.0,100.0,0.0,0.0,0.0,0.0,0.0,0.0,0.0,0.0,0.0,0.0,0.0,0.0,0.0,0.0,0.0,0.0,0.0,,0.0,0.0,0.0,0.0,0.0,0.0,0.0,0.0,0.0,0.0,0.0,0.0,0.0,0.0,0.0,0.0,0.0,0.0,0.0,0.0,0.0,0.0,0.0,0.0,0.0,0.0,0.0,0.0,0.0,0.0,0.0,0.0,0.0,0.0,0.0,29.5,29.5,0.0,29.5,0.0,16.5,3.5,0.0,0.0,0.0,1.2,28.3,0.0,24.7,0.0,7.1,54.0,40.1,0.0,0.0,0.0,0.0,0.0,0.0,0.0,0.0,0.0,0.0,0.0,0.0,0.0,0.0,0.0,0.0,0.0,0.0,0.0,0.0,0.0,0.0,0.0,0.0,0.0,0.0,0.0,0.0,0.0,0.0,1.2,0.0,2182217407.328571,main_no_mpi_profile.exe,"__gnu_cxx::__normal_iterator<std::pair<float, unsigned int>*, std::vector<std::pair<float, unsigned int>, std::allocator<std::pair<float, unsigned int>>>>::operator+(long long) const",stl_iterator.h,0x1400154f2
"std::__push_heap<__gnu_cxx::__normal_iterator<std::pair<float, unsigned int>*, std::vector<std::pair<float, unsigned int>, std::allocator<std::pair<float, unsigned int>>>>, long long, std::pair<float, unsigned int>, __gnu_cxx::__ops::_Iter_comp_val<hnswlib::HierarchicalNSW<float>::CompareByFirst>>",0.061996,104825000,0,104825000,71880000,0,71880000,1.458333,0.0,1.458333,0.0,0.0,0.0,0.0,0.0,0.0,0.0,0.0,0.0,0.0,0.0,0.0,0.0,0.0,0.0,0.0,0.0,0.0,0.0,0.0,0.0,0.0,0.0,0.0,0.0,0.0,0.0,0.0,0.0,0.0,0.0,0.0,0.0,0.0,0.0,0.0,0.0,0.0,0.0,0.0,0.0,0.0,0.0,0.0,0.0,0.0,0.0,0.0,0.0,0.0,0.0,100.0,0.0,0.0,100.0,100.0,0.0,0.0,0.0,0.0,0.0,0.0,0.0,0.0,0.0,0.0,0.0,0.0,0.0,0.0,0.0,0.0,0.0,,0.0,0.0,0.0,0.0,0.0,0.0,0.0,0.0,0.0,0.0,0.0,0.0,0.0,0.0,0.0,0.0,0.0,0.0,0.0,0.0,0.0,0.0,0.0,0.0,0.0,0.0,0.0,0.0,0.0,0.0,0.0,0.0,0.0,0.0,0.0,29.2,29.2,0.0,29.2,0.0,20.6,5.2,0.0,0.0,0.0,3.4,49.8,1.7,12.0,0.0,6.9,48.5,53.2,0.0,0.0,0.0,0.0,0.0,0.0,0.0,1.7,1.7,1.7,0.0,0.0,0.0,0.0,0.0,0.0,0.0,0.0,0.0,0.0,0.0,1.7,1.7,0.0,0.0,0.0,0.0,0.0,0.0,1.7,1.7,0.0,1690838914.596774,main_no_mpi_profile.exe,"std::__push_heap<__gnu_cxx::__normal_iterator<std::pair<float, unsigned int>*, std::vector<std::pair<float, unsigned int>, std::allocator<std::pair<float, unsigned int>>>>, long long, std::pair<float, unsigned int>, __gnu_cxx::__ops::_Iter_comp_val<hnswlib::HierarchicalNSW<float>::CompareByFirst>>(__gnu_cxx::__normal_iterator<std::pair<float, unsigned int>*, std::vector<std::pair<float, unsigned int>, std::allocator<std::pair<float, unsigned int>>>>, long long, long long, std::pair<float, unsigned int>, __gnu_cxx::__ops::_Iter_comp_val<hnswlib::HierarchicalNSW<float>::CompareByFirst>&)",stl_heap.h,0x140015510
pthread_mutex_unlock,0.057996,101830000,2995000,98835000,74875000,2995000,71880000,1.360000,1.000000,1.375000,0.0,0.0,0.0,0.0,0.0,0.0,0.0,0.0,0.0,0.0,0.0,0.0,0.0,0.0,0.0,0.0,0.0,0.0,0.0,0.0,0.0,0.0,0.0,0.0,0.0,0.0,0.0,0.0,0.0,0.0,0.0,0.0,0.0,0.0,0.0,0.0,0.0,0.0,0.0,0.0,0.0,0.0,0.0,0.0,0.0,0.0,0.0,0.0,0.0,0.0,0.0,100.0,0.0,0.0,100.0,100.0,0.0,0.0,0.0,0.0,0.0,0.0,0.0,0.0,0.0,0.0,0.0,0.0,0.0,0.0,0.0,0.0,0.0,0.0,0.0,0.0,0.0,0.0,0.0,0.0,0.0,,,0.0,0.0,0.0,0.0,0.0,0.0,0.0,0.0,0.0,0.0,0.0,0.0,0.0,0.0,0.0,0.0,0.0,0.0,0.0,0.0,0.0,0.0,0.0,0.0,0.0,0.0,32.8,32.8,0.0,32.8,0.0,14.6,12.7,9.1,0.0,0.0,1.8,27.3,1.8,1.8,0.0,3.6,39.9,43.7,1.8,0.0,0.0,0.0,0.0,0.0,0.0,1.8,12.7,0.0,12.7,0.0,18.2,0.0,0.0,0.0,0.0,1.8,3.6,3.6,0.0,12.7,12.7,0.0,0.0,0.0,0.0,1.8,0.0,14.6,0.0,0.0,1755807109.344827,libwinpthread-1.dll,pthread_mutex_unlock,[Unknown],0x2e36531c0
"__gnu_cxx::__normal_iterator<std::pair<float, unsigned int>*, std::vector<std::pair<float, unsigned int>, std::allocator<std::pair<float, unsigned int>>>>::operator+",0.054996,59900000,2995000,56905000,59900000,2995000,56905000,1.000000,1.000000,1.000000,0.0,0.0,0.0,0.0,0.0,0.0,0.0,0.0,0.0,0.0,0.0,0.0,0.0,0.0,0.0,0.0,0.0,0.0,0.0,0.0,0.0,0.0,0.0,0.0,0.0,0.0,0.0,0.0,0.0,0.0,0.0,0.0,0.0,0.0,0.0,0.0,0.0,0.0,0.0,0.0,0.0,0.0,0.0,0.0,0.0,0.0,0.0,0.0,0.0,0.0,0.0,100.0,0.0,0.0,100.0,100.0,0.0,0.0,0.0,0.0,0.0,0.0,0.0,0.0,0.0,0.0,0.0,0.0,0.0,0.0,0.0,0.0,0.0,0.0,0.0,0.0,0.0,0.0,0.0,0.0,0.0,0.0,0.0,0.0,0.0,0.0,0.0,0.0,0.0,0.0,0.0,0.0,0.0,0.0,0.0,0.0,0.0,0.0,0.0,0.0,0.0,0.0,0.0,0.0,0.0,0.0,0.0,0.0,0.0,79.1,79.1,0.0,79.1,0.0,25.3,0.0,0.0,0.0,0.0,0.0,25.3,0.0,19.0,0.0,0.0,0.0,100.0,3.2,0.0,0.0,0.0,0.0,0.0,0.0,3.2,9.5,0.0,9.5,0.0,0.0,0.0,0.0,0.0,0.0,0.0,0.0,0.0,9.5,9.5,9.5,0.0,0.0,0.0,0.0,0.0,0.0,3.2,0.0,0.0,1089163768.363636,main_no_mpi_profile.exe,"__gnu_cxx::__normal_iterator<std::pair<float, unsigned int>*, std::vector<std::pair<float, unsigned int>, std::allocator<std::pair<float, unsigned int>>>>::operator+(long long) const",stl_iterator.h,0x1400154d3
RtlFreeHeap,0.049997,83860000,0,83860000,53910000,0,53910000,1.555556,0.0,1.555556,0.0,0.0,0.0,0.0,0.0,0.0,0.0,0.0,0.0,0.0,0.0,0.0,0.0,0.0,0.0,0.0,0.0,0.0,0.0,0.0,0.0,0.0,0.0,0.0,0.0,0.0,0.0,0.0,0.0,0.0,0.0,0.0,0.0,0.0,0.0,0.0,0.0,0.0,0.0,0.0,0.0,0.0,0.0,0.0,0.0,0.0,0.0,0.0,0.0,0.0,0.0,100.0,0.0,0.0,100.0,100.0,0.0,0.0,0.0,0.0,0.0,0.0,0.0,0.0,0.0,0.0,0.0,0.0,0.0,0.0,0.0,0.0,0.0,,0.0,0.0,0.0,0.0,0.0,0.0,0.0,0.0,0.0,0.0,0.0,0.0,0.0,0.0,0.0,0.0,0.0,0.0,0.0,0.0,0.0,0.0,0.0,0.0,0.0,0.0,0.0,0.0,0.0,0.0,0.0,0.0,0.0,0.0,0.0,45.1,45.1,0.0,45.1,0.0,23.6,8.6,2.1,0.0,6.4,2.1,17.2,0.0,2.1,0.0,0.0,9.8,21.5,0.0,0.0,0.0,0.0,0.0,0.0,0.0,4.3,21.5,0.0,21.5,0.1,0.0,0.0,0.0,0.0,0.0,10.7,2.7,2.7,5.2,21.5,21.5,2.1,0.001431,0.008586,0.034343,6.4,0.0,8.6,2.1,6.4,1677312203.280000,ntdll.dll,RtlFreeHeap,[Unknown],0x1800269f0
"std::pair<float, unsigned int>::operator=",0.048997,119800000,0,119800000,68885000,0,68885000,1.739130,0.0,1.739130,0.0,0.0,0.0,0.0,0.0,0.0,0.0,0.0,0.0,0.0,0.0,0.0,0.0,0.0,0.0,0.0,0.0,0.0,0.0,0.0,0.0,0.0,0.0,0.0,0.0,0.0,0.0,0.0,0.0,0.0,0.0,0.0,0.0,0.0,0.0,0.0,0.0,0.0,0.0,0.0,0.0,0.0,0.0,0.0,0.0,0.0,0.0,0.0,0.0,0.0,0.0,100.0,0.0,0.0,100.0,100.0,0.0,0.0,0.0,0.0,0.0,0.0,0.0,0.0,0.0,0.0,0.0,0.0,0.0,0.0,0.0,0.0,0.0,,0.0,0.0,0.0,0.0,0.0,0.0,0.0,0.0,0.0,0.0,0.0,0.0,0.0,0.0,0.0,0.0,0.0,0.0,0.0,0.0,0.0,0.0,0.0,0.0,0.0,0.0,0.0,0.0,0.0,0.0,0.0,0.0,0.0,0.0,0.0,30.1,30.1,0.0,30.1,0.0,15.0,0.0,0.0,0.0,0.0,1.5,18.0,0.0,12.0,0.0,4.5,53.4,34.6,9.0,0.0,0.0,0.0,0.0,0.0,0.0,4.5,1.5,1.5,0.0,0.0,0.0,0.0,0.0,0.0,0.0,1.5,0.0,0.0,0.0,1.5,1.5,0.0,0.0,0.0,0.0,0.0,0.0,3.0,0.0,0.0,2445061520.816327,main_no_mpi_profile.exe,"std::pair<float, unsigned int>::operator=(std::pair<float, unsigned int>&&)",stl_pair.h,0x1400154f2
func@0x140005fd0,0.045997,77870000,0,77870000,62895000,0,62895000,1.238095,0.0,1.238095,0.0,0.0,0.0,0.0,0.0,0.0,0.0,0.0,0.0,0.0,0.0,0.0,0.0,0.0,0.0,0.0,0.0,0.0,0.0,0.0,0.0,0.0,0.0,0.0,0.0,0.0,0.0,0.0,0.0,0.0,0.0,0.0,0.0,0.0,0.0,0.0,0.0,0.0,0.0,0.0,0.0,0.0,0.0,0.0,0.0,0.0,0.0,0.0,0.0,0.0,0.0,100.0,0.0,0.0,100.0,100.0,0.0,0.0,0.0,0.0,0.0,0.0,0.0,0.0,0.0,0.0,0.0,0.0,0.0,0.0,0.0,0.0,0.0,,0.0,0.0,0.0,0.0,0.0,0.0,0.0,0.0,0.0,0.0,0.0,0.0,0.0,0.0,0.0,0.0,0.0,0.0,0.0,0.0,0.0,0.0,0.0,0.0,0.0,0.0,0.0,0.0,0.0,0.0,0.0,0.0,0.0,0.0,0.0,32.4,32.4,0.0,32.4,0.0,20.8,0.0,2.3,0.0,2.3,2.3,23.1,2.3,20.8,0.0,0.0,30.7,85.5,6.9,0.0,0.0,0.0,0.0,0.0,0.0,6.9,16.2,0.0,16.2,1.4,23.1,0.0,0.0,11.6,0.0,6.9,2.3,2.3,0.0,16.2,16.2,2.3,0.014263,0.005410,0.000492,6.9,0.0,13.9,0.0,0.0,1692939335.608696,main_no_mpi_profile.exe,func@0x140005fd0,[Unknown],0x140005fd0
hnswlib::HierarchicalNSW<float>::get_linklist0,0.045997,98835000,0,98835000,83860000,2995000,80865000,1.178571,0.0,1.222222,0.0,0.0,0.0,0.0,0.0,0.0,0.0,0.0,0.0,0.0,0.0,0.0,0.0,0.0,0.0,0.0,0.0,0.0,0.0,0.0,0.0,0.0,0.0,0.0,0.0,0.0,0.0,0.0,0.0,0.0,0.0,0.0,0.0,0.0,0.0,0.0,0.0,0.0,0.0,0.0,0.0,0.0,0.0,0.0,0.0,0.0,0.0,0.0,0.0,0.0,0.0,100.0,0.0,0.0,100.0,100.0,0.0,0.0,0.0,0.0,0.0,0.0,0.0,0.0,0.0,0.0,,0.0,0.0,0.0,0.0,0.0,0.0,,0.0,0.0,0.0,0.0,0.0,0.0,0.0,0.0,0.0,0.0,0.0,0.0,0.0,0.0,0.0,0.0,0.0,0.0,0.0,0.0,0.0,0.0,0.0,0.0,0.0,0.0,0.0,0.0,0.0,0.0,0.0,0.0,0.0,0.0,0.0,12.7,12.7,0.0,12.7,0.0,7.3,1.8,0.0,0.0,0.0,0.0,3.6,0.0,3.6,0.0,0.0,76.3,56.5,14.6,0.0,0.0,0.0,0.0,0.0,0.0,20.0,3.6,3.6,0.0,0.0,0.0,0.0,0.0,0.0,0.0,0.0,0.0,0.0,0.0,3.6,3.6,0.0,0.0,0.0,0.0,0.0,0.0,0.0,0.0,0.0,2148730695.195652,main_no_mpi_profile.exe,hnswlib::HierarchicalNSW<float>::get_linklist0(unsigned int) const,hnswalg.h,0x14000f83e
hnswlib::HierarchicalNSW<float>::getDataByInternalId,0.043997,80865000,0,80865000,38935000,5990000,32945000,2.076923,0.0,2.454545,0.0,0.0,0.0,0.0,0.0,0.0,0.0,0.0,0.0,0.0,0.0,0.0,0.0,0.0,0.0,0.0,0.0,0.0,0.0,0.0,0.0,0.0,0.0,0.0,0.0,0.0,0.0,0.0,0.0,0.0,0.0,0.0,0.0,0.0,0.0,0.0,0.0,0.0,0.0,0.0,0.0,0.0,0.0,0.0,0.0,0.0,0.0,0.0,0.0,0.0,0.0,100.0,0.0,0.0,100.0,100.0,0.0,0.0,0.0,0.0,0.0,0.0,0.0,0.0,0.0,0.0,,0.0,0.0,0.0,0.0,0.0,0.0,,0.0,0.0,0.0,0.0,0.0,0.0,0.0,0.0,0.0,0.0,0.0,0.0,0.0,0.0,0.0,0.0,0.0,0.0,0.0,0.0,0.0,0.0,0.0,0.0,0.0,0.0,0.0,0.0,0.0,0.0,0.0,0.0,0.0,0.0,0.0,24.5,24.5,0.0,24.5,0.0,11.1,0.0,0.0,2.2,0.0,0.0,11.1,0.0,4.5,0.0,2.2,42.1,31.2,4.5,0.0,0.0,0.0,0.0,0.0,0.0,2.2,22.3,11.1,11.1,0.0,22.3,0.0,11.1,11.1,0.0,0.0,0.0,0.0,0.0,22.3,22.3,17.8,0.0,0.214417,0.021805,0.0,0.0,13.4,0.0,0.0,1837963859.113636,main_no_mpi_profile.exe,hnswlib::HierarchicalNSW<float>::getDataByInternalId(unsigned int) const,hnswalg.h,0x14000f70b
hnswlib::HierarchicalNSW<float>::getNeighborsByHeuristic2,0.037997,71880000,2995000,68885000,35940000,0,35940000,2.000000,,1.916667,0.0,0.0,0.0,0.0,0.0,0.0,0.0,0.0,0.0,0.0,0.0,0.0,0.0,0.0,0.0,0.0,0.0,0.0,0.0,0.0,0.0,0.0,0.0,0.0,0.0,0.0,0.0,0.0,0.0,0.0,0.0,0.0,0.0,0.0,0.0,0.0,0.0,0.0,0.0,0.0,0.0,0.0,0.0,0.0,0.0,0.0,0.0,0.0,0.0,0.0,0.0,100.0,0.0,0.0,100.0,100.0,0.0,0.0,0.0,0.0,0.0,0.0,0.0,0.0,0.0,0.0,0.0,0.0,0.0,0.0,0.0,0.0,0.0,0.0,0.0,0.0,0.0,0.0,0.0,0.0,0.0,0.0,0.0,0.0,0.0,0.0,0.0,0.0,0.0,0.0,0.0,0.0,0.0,0.0,0.0,0.0,0.0,0.0,0.0,0.0,0.0,0.0,0.0,0.0,0.0,0.0,0.0,0.0,0.0,65.3,60.1,0.0,60.1,5.2,7.8,7.8,0.0,0.0,0.0,0.0,23.5,0.0,0.0,0.0,0.0,5.9,47.0,2.6,0.0,0.0,0.0,0.0,0.0,0.0,0.0,20.9,20.9,0.0,0.0,0.0,0.0,0.0,0.0,0.0,0.0,0.0,0.0,0.0,20.9,20.9,0.0,0.0,0.0,0.0,0.0,0.0,13.1,0.0,0.0,1891705492.421052,main_no_mpi_profile.exe,"hnswlib::HierarchicalNSW<float>::getNeighborsByHeuristic2(std::priority_queue<std::pair<float, unsigned int>, std::vector<std::pair<float, unsigned int>, std::allocator<std::pair<float, unsigned int>>>, hnswlib::HierarchicalNSW<float>::CompareByFirst>&, unsigned long long)",hnswalg.h,0x14000fe80
"std::__push_heap<__gnu_cxx::__normal_iterator<std::pair<float, unsigned int>*, std::vector<std::pair<float, unsigned int>, std::allocator<std::pair<float, unsigned int>>>>, long long, std::pair<float, unsigned int>, __gnu_cxx::__ops::_Iter_comp_val<std::less<std::pair<float, unsigned int>>>>",0.035998,65890000,0,65890000,23960000,0,23960000,2.750000,0.0,2.750000,0.0,0.0,0.0,0.0,0.0,0.0,0.0,0.0,0.0,0.0,0.0,0.0,0.0,0.0,0.0,0.0,0.0,0.0,0.0,0.0,0.0,0.0,0.0,0.0,0.0,0.0,0.0,0.0,0.0,0.0,0.0,0.0,0.0,0.0,0.0,0.0,0.0,0.0,0.0,0.0,0.0,0.0,0.0,0.0,0.0,0.0,0.0,0.0,0.0,0.0,0.0,100.0,0.0,0.0,100.0,100.0,0.0,0.0,0.0,0.0,0.0,0.0,0.0,0.0,0.0,0.0,0.0,0.0,0.0,0.0,0.0,0.0,0.0,,0.0,0.0,0.0,0.0,0.0,0.0,0.0,0.0,0.0,0.0,0.0,0.0,0.0,0.0,0.0,0.0,0.0,0.0,0.0,0.0,0.0,0.0,0.0,0.0,0.0,0.0,0.0,0.0,0.0,0.0,0.0,0.0,0.0,0.0,0.0,35.5,35.5,0.0,35.5,0.0,10.9,2.7,2.7,0.0,0.0,2.7,35.5,0.0,10.9,0.0,5.5,48.1,16.4,2.7,0.0,0.0,0.0,0.0,0.0,0.0,0.0,5.5,5.5,0.0,0.0,0.0,0.0,0.0,0.0,0.0,0.0,0.0,0.0,0.0,5.5,5.5,0.0,0.0,0.0,0.0,2.7,0.0,0.0,0.0,0.0,1830400221.833333,main_no_mpi_profile.exe,"std::__push_heap<__gnu_cxx::__normal_iterator<std::pair<float, unsigned int>*, std::vector<std::pair<float, unsigned int>, std::allocator<std::pair<float, unsigned int>>>>, long long, std::pair<float, unsigned int>, __gnu_cxx::__ops::_Iter_comp_val<std::less<std::pair<float, unsigned int>>>>(__gnu_cxx::__normal_iterator<std::pair<float, unsigned int>*, std::vector<std::pair<float, unsigned int>, std::allocator<std::pair<float, unsigned int>>>>, long long, long long, std::pair<float, unsigned int>, __gnu_cxx::__ops::_Iter_comp_val<std::less<std::pair<float, unsigned int>>>&)",stl_heap.h,0x140001f10
_mm256_loadu_ps,0.034998,53910000,0,53910000,44925000,2995000,41930000,1.200000,0.0,1.285714,0.0,0.0,0.0,0.0,0.0,0.0,0.0,0.0,0.0,0.0,0.0,0.0,0.0,0.0,0.0,0.0,0.0,0.0,0.0,0.0,0.0,0.0,0.0,0.0,0.0,0.0,0.0,0.0,0.0,0.0,0.0,0.0,0.0,0.0,0.0,0.0,0.0,0.0,0.0,0.0,0.0,0.0,0.0,0.0,0.0,0.0,0.0,0.0,0.0,0.0,0.0,100.0,0.0,0.0,100.0,100.0,0.0,0.0,0.0,0.0,0.0,0.0,0.0,0.0,0.0,0.0,0.0,0.0,0.0,0.0,0.0,0.0,0.0,,0.0,0.0,0.0,0.0,0.0,0.0,0.0,0.0,0.0,0.0,0.0,0.0,0.0,0.0,0.0,0.0,0.0,0.0,0.0,0.0,0.0,0.0,0.0,0.0,0.0,0.0,0.0,0.0,0.0,0.0,0.0,0.0,0.0,0.0,0.0,20.0,20.0,0.0,20.0,0.0,10.0,0.0,3.3,0.0,0.0,0.0,0.0,0.0,0.0,0.0,0.0,3.2,10.0,0.0,0.0,0.0,0.0,0.0,0.0,0.0,0.0,66.8,66.8,0.0,0.0,0.0,0.0,0.0,16.7,0.0,0.5,0.5,14.7,0.0,66.8,66.8,10.0,0.0,0.098915,0.003756,3.3,0.0,23.4,3.3,0.0,1540388758.114285,main_no_mpi_profile.exe,_mm256_loadu_ps(float const*),avxintrin.h,0x140001690
_mm256_loadu_ps,0.033998,41930000,0,41930000,44925000,0,44925000,0.933333,0.0,0.933333,0.0,0.0,0.0,0.0,0.0,0.0,0.0,0.0,0.0,0.0,0.0,0.0,0.0,0.0,0.0,0.0,0.0,0.0,0.0,0.0,0.0,0.0,0.0,0.0,0.0,0.0,0.0,0.0,0.0,0.0,0.0,0.0,0.0,0.0,0.0,0.0,0.0,0.0,0.0,0.0,0.0,0.0,0.0,0.0,0.0,0.0,0.0,0.0,0.0,0.0,0.0,100.0,0.0,0.0,100.0,100.0,0.0,0.0,0.0,0.0,0.0,0.0,0.0,0.0,0.0,0.0,0.0,0.0,0.0,0.0,0.0,0.0,0.0,,0.0,0.0,0.0,0.0,0.0,0.0,0.0,0.0,0.0,0.0,0.0,0.0,0.0,0.0,0.0,0.0,0.0,0.0,0.0,0.0,0.0,0.0,0.0,0.0,0.0,0.0,0.0,0.0,0.0,0.0,0.0,0.0,0.0,0.0,0.0,25.8,25.8,0.0,25.8,0.0,4.3,0.0,0.0,0.0,0.0,0.0,4.3,0.0,0.0,0.0,0.0,22.7,12.9,4.3,0.0,0.0,0.0,0.0,0.0,0.0,0.0,47.2,47.2,0.0,0.0,42.9,0.0,0.0,21.5,0.0,0.0,3.4,37.3,0.0,47.2,47.2,30.1,0.0,0.266695,0.003756,4.3,0.0,47.2,4.3,4.3,1233317796.529412,main_no_mpi_profile.exe,_mm256_loadu_ps(float const*),avxintrin.h,0x140001680
hnswlib::HierarchicalNSW<float>::getDataByInternalId,0.033998,62895000,0,62895000,41930000,0,41930000,1.500000,0.0,1.500000,0.0,0.0,0.0,0.0,0.0,0.0,0.0,0.0,0.0,0.0,0.0,0.0,0.0,0.0,0.0,0.0,0.0,0.0,0.0,0.0,0.0,0.0,0.0,0.0,0.0,0.0,0.0,0.0,0.0,0.0,0.0,0.0,0.0,0.0,0.0,0.0,0.0,0.0,0.0,0.0,0.0,0.0,0.0,0.0,0.0,0.0,0.0,0.0,0.0,0.0,0.0,100.0,0.0,0.0,100.0,100.0,0.0,0.0,0.0,0.0,0.0,0.0,0.0,0.0,0.0,0.0,0.0,0.0,0.0,0.0,0.0,0.0,0.0,,0.0,0.0,0.0,0.0,0.0,0.0,0.0,0.0,0.0,0.0,0.0,0.0,0.0,0.0,0.0,0.0,0.0,0.0,0.0,0.0,0.0,0.0,0.0,0.0,0.0,0.0,0.0,0.0,0.0,0.0,0.0,0.0,0.0,0.0,0.0,11.4,11.4,0.0,11.4,0.0,2.9,0.0,0.0,0.0,0.0,0.0,0.0,0.0,2.9,0.0,0.0,59.9,11.4,8.6,0.0,0.0,0.0,0.0,0.0,0.0,0.0,25.8,0.0,25.8,0.2,28.6,0.0,0.0,85.9,0.0,0.0,0.0,0.0,0.0,25.8,25.8,8.6,0.001908,0.085858,0.005724,0.0,0.0,25.8,0.0,0.0,1849976694.794118,main_no_mpi_profile.exe,hnswlib::HierarchicalNSW<float>::getDataByInternalId(unsigned int) const,hnswalg.h,0x14000f72f
"std::pair<float, unsigned int>::operator=",0.032998,56905000,0,56905000,26955000,0,26955000,2.111111,0.0,2.111111,0.0,0.0,0.0,0.0,0.0,0.0,0.0,0.0,0.0,0.0,0.0,0.0,0.0,0.0,0.0,0.0,0.0,0.0,0.0,0.0,0.0,0.0,0.0,0.0,0.0,0.0,0.0,0.0,0.0,0.0,0.0,0.0,0.0,0.0,0.0,0.0,0.0,0.0,0.0,0.0,0.0,0.0,0.0,0.0,0.0,0.0,0.0,0.0,0.0,0.0,0.0,100.0,0.0,0.0,100.0,100.0,0.0,0.0,0.0,0.0,0.0,0.0,0.0,0.0,0.0,0.0,0.0,0.0,0.0,0.0,0.0,0.0,0.0,,0.0,0.0,0.0,0.0,0.0,0.0,0.0,0.0,0.0,0.0,0.0,0.0,0.0,0.0,0.0,0.0,0.0,0.0,0.0,0.0,0.0,0.0,0.0,0.0,0.0,0.0,0.0,0.0,0.0,0.0,0.0,0.0,0.0,0.0,0.0,22.1,22.1,0.0,22.1,0.0,22.1,0.0,3.2,0.0,0.0,3.2,44.3,3.2,22.1,0.0,6.3,55.7,41.1,0.0,0.0,0.0,0.0,0.0,0.0,0.0,0.0,0.0,0.0,0.0,0.0,0.0,0.0,0.0,0.0,0.0,0.0,0.0,0.0,0.0,0.0,0.0,0.0,0.0,0.0,0.0,0.0,0.0,0.0,0.0,0.0,1724509299.909091,main_no_mpi_profile.exe,"std::pair<float, unsigned int>::operator=(std::pair<float, unsigned int>&&)",stl_pair.h,0x140015540
"std::less<std::pair<float, unsigned int>>::operator()",0.031998,56905000,2995000,53910000,47920000,0,47920000,1.187500,,1.125000,0.0,0.0,0.0,0.0,0.0,0.0,0.0,0.0,0.0,0.0,0.0,0.0,0.0,0.0,0.0,0.0,0.0,0.0,0.0,0.0,0.0,0.0,0.0,0.0,0.0,0.0,0.0,0.0,0.0,0.0,0.0,0.0,0.0,0.0,0.0,0.0,0.0,0.0,0.0,0.0,0.0,0.0,0.0,0.0,0.0,0.0,0.0,0.0,0.0,0.0,0.0,100.0,0.0,0.0,100.0,100.0,0.0,0.0,0.0,0.0,0.0,0.0,0.0,0.0,0.0,0.0,0.0,0.0,0.0,0.0,0.0,0.0,0.0,0.0,0.0,0.0,0.0,0.0,0.0,0.0,0.0,0.0,0.0,0.0,0.0,0.0,0.0,0.0,0.0,0.0,0.0,0.0,0.0,0.0,0.0,0.0,0.0,0.0,0.0,0.0,0.0,0.0,0.0,0.0,0.0,0.0,0.0,0.0,0.0,26.7,26.7,0.0,26.7,0.0,20.0,3.3,0.0,0.0,0.0,0.0,33.4,0.0,13.4,0.0,6.7,53.3,100.0,0.0,0.0,0.0,0.0,0.0,0.0,0.0,0.0,0.0,0.0,0.0,0.0,0.0,0.0,0.0,0.0,0.0,0.0,0.0,0.0,0.0,0.0,0.0,0.0,0.0,0.0,0.0,0.0,0.0,0.0,3.3,0.0,1778400215.531250,main_no_mpi_profile.exe,"std::less<std::pair<float, unsigned int>>::operator()(std::pair<float, unsigned int> const&, std::pair<float, unsigned int> const&) const",stl_function.h,0x1400102c0
"std::priority_queue<std::pair<float, unsigned int>, std::vector<std::pair<float, unsigned int>, std::allocator<std::pair<float, unsigned int>>>, hnswlib::HierarchicalNSW<float>::CompareByFirst>::emplace<float&, unsigned int&>",0.030998,56905000,0,56905000,50915000,2995000,47920000,1.117647,0.0,1.187500,0.0,0.0,0.0,0.0,0.0,0.0,0.0,0.0,0.0,0.0,0.0,0.0,0.0,0.0,0.0,0.0,0.0,0.0,0.0,0.0,0.0,0.0,0.0,0.0,0.0,0.0,0.0,0.0,0.0,0.0,0.0,0.0,0.0,0.0,0.0,0.0,0.0,0.0,0.0,0.0,0.0,0.0,0.0,0.0,0.0,0.0,0.0,0.0,0.0,0.0,0.0,100.0,0.0,0.0,100.0,100.0,0.0,0.0,0.0,0.0,0.0,0.0,0.0,0.0,0.0,0.0,0.0,0.0,0.0,0.0,0.0,0.0,0.0,,0.0,0.0,0.0,0.0,0.0,0.0,0.0,0.0,0.0,0.0,0.0,0.0,0.0,0.0,0.0,0.0,0.0,0.0,0.0,0.0,0.0,0.0,0.0,0.0,0.0,0.0,0.0,0.0,0.0,0.0,0.0,0.0,0.0,0.0,0.0,12.7,12.7,0.0,12.7,0.0,19.0,3.2,0.0,0.0,0.0,3.2,12.7,0.0,9.5,0.0,3.2,30.4,41.1,6.3,0.0,0.0,0.0,0.0,0.0,0.0,3.2,38.0,0.0,38.0,0.7,0.0,0.0,0.0,0.0,0.0,3.2,0.0,9.5,24.6,38.0,38.0,3.2,0.007029,0.014059,0.0,0.0,0.0,22.1,0.0,0.0,1835767964.419355,main_no_mpi_profile.exe,"std::priority_queue<std::pair<float, unsigned int>, std::vector<std::pair<float, unsigned int>, std::allocator<std::pair<float, unsigned int>>>, hnswlib::HierarchicalNSW<float>::CompareByFirst>::emplace<float&, unsigned int&>(float&&&)",stl_queue.h,0x14000f847
hnswlib::HierarchicalNSW<float>::mutuallyConnectNewElement,0.027998,32945000,0,32945000,26955000,0,26955000,1.222222,0.0,1.222222,0.0,0.0,0.0,0.0,0.0,0.0,0.0,0.0,0.0,0.0,0.0,0.0,0.0,0.0,0.0,0.0,0.0,0.0,0.0,0.0,0.0,0.0,0.0,0.0,0.0,0.0,0.0,0.0,0.0,0.0,0.0,0.0,0.0,0.0,0.0,0.0,0.0,0.0,0.0,0.0,0.0,0.0,0.0,0.0,0.0,0.0,0.0,0.0,0.0,0.0,0.0,100.0,0.0,0.0,100.0,100.0,0.0,0.0,0.0,0.0,0.0,0.0,0.0,0.0,0.0,0.0,0.0,0.0,0.0,0.0,0.0,0.0,0.0,,0.0,0.0,0.0,0.0,0.0,0.0,0.0,0.0,0.0,0.0,0.0,0.0,0.0,0.0,0.0,0.0,0.0,0.0,0.0,0.0,0.0,0.0,0.0,0.0,0.0,0.0,0.0,0.0,0.0,0.0,0.0,0.0,0.0,0.0,0.0,5.5,5.5,0.0,5.5,0.0,16.4,10.9,0.0,5.5,0.0,0.0,21.9,0.0,0.0,0.0,10.9,61.8,32.8,5.5,0.0,0.0,0.0,0.0,0.0,0.0,5.5,16.4,0.0,16.4,0.0,27.3,0.0,0.0,0.0,0.0,5.5,5.5,49.2,0.0,16.4,16.4,5.5,0.0,0.040978,0.0,0.0,0.0,65.6,0.0,0.0,1176685856.892857,main_no_mpi_profile.exe,"hnswlib::HierarchicalNSW<float>::mutuallyConnectNewElement(void const*, unsigned int, std::priority_queue<std::pair<float, unsigned int>, std::vector<std::pair<float, unsigned int>, std::allocator<std::pair<float, unsigned int>>>, hnswlib::HierarchicalNSW<float>::CompareByFirst>&, int, bool)",hnswalg.h,0x140006eb0
