source_file,platform,experiment,case,comm_mode,algorithm,label,mpi_procs,nthreads,nlist,local_nlist,nprobe,nblocks,hnsw_m,ef,p,query_n,mode,recall,latency_us,max_local_us,comm_merge_us,rank_min_us,rank_max_us,rank_mean_us,imbalance,per_rank_us
kunpeng_pbs_sweep_20260525_153105.txt,Kunpeng PBS,parameter,parameter IVF-PQ nlist=16 nprobe=1,blocking,IVF-PQ,ivfpq_local_mpi_omp_inter,8,2,16,16,1,,,,1000,2000,local,0.74535,274.69862,271.75784,2.94077,228.75714,271.75784,253.90030,1.07033,rank0=251.93632 rank1=254.56607 rank2=255.46575 rank3=271.75784 rank4=270.75851 rank5=249.43101 rank6=228.75714 rank7=248.52979
kunpeng_pbs_sweep_20260525_153105.txt,Kunpeng PBS,parameter,parameter IVF-PQ nlist=16 nprobe=2,blocking,IVF-PQ,ivfpq_local_mpi_omp_inter,8,2,16,16,2,,,,1000,2000,local,0.89125,410.85947,408.00118,2.85828,348.19710,408.00118,376.99972,1.08223,rank0=392.43555 rank1=357.13816 rank2=355.57878 rank3=381.85382 rank4=348.19710 rank5=408.00118 rank6=378.64137 rank7=394.15181
kunpeng_pbs_sweep_20260525_153105.txt,Kunpeng PBS,parameter,parameter IVF-PQ nlist=16 nprobe=4,blocking,IVF-PQ,ivfpq_local_mpi_omp_inter,8,2,16,16,4,,,,1000,2000,local,0.96515,512.09760,509.37176,2.72584,460.31511,509.37176,486.90430,1.04614,rank0=471.81106 rank1=490.44228 rank2=460.31511 rank3=509.37176 rank4=500.98670 rank5=485.10003 rank6=468.41764 rank7=508.78978
kunpeng_pbs_sweep_20260525_153105.txt,Kunpeng PBS,parameter,parameter IVF-PQ nlist=16 nprobe=8,blocking,IVF-PQ,ivfpq_local_mpi_omp_inter,8,2,16,16,8,,,,1000,2000,local,0.99330,743.76404,740.89634,2.86770,690.63067,740.89634,722.05147,1.02610,rank0=690.63067 rank1=727.02920 rank2=725.73292 rank3=731.02915 rank4=732.72824 rank5=740.89634 rank6=723.37008 rank7=704.99516
kunpeng_pbs_sweep_20260525_153105.txt,Kunpeng PBS,parameter,parameter IVF-PQ nlist=16 nprobe=16,blocking,IVF-PQ,ivfpq_local_mpi_omp_inter,8,2,16,16,16,,,,1000,2000,local,0.99995,1056.28812,1053.08843,3.19970,1009.49454,1053.08843,1027.99796,1.02441,rank0=1053.08843 rank1=1039.03913 rank2=1028.51892 rank3=1025.03145 rank4=1034.17623 rank5=1021.03114 rank6=1013.60381 rank7=1009.49454
kunpeng_pbs_sweep_20260525_153105.txt,Kunpeng PBS,parameter,parameter IVF-PQ nlist=8 nprobe=4,blocking,IVF-PQ,ivfpq_local_mpi_omp_inter,8,2,8,8,4,,,,1000,2000,local,0.98415,595.80779,592.94605,2.86174,539.57522,592.94605,570.93134,1.03856,rank0=563.14731 rank1=592.94605 rank2=580.67751 rank3=582.22282 rank4=557.14905 rank5=539.57522 rank6=563.87448 rank7=587.85832
kunpeng_pbs_sweep_20260525_153105.txt,Kunpeng PBS,parameter,parameter IVF-PQ nlist=16 nprobe=4,blocking,IVF-PQ,ivfpq_local_mpi_omp_inter,8,2,16,16,4,,,,1000,2000,local,0.96515,535.11155,516.04736,19.06419,485.22115,516.04736,501.27308,1.02947,rank0=516.04736 rank1=506.00255 rank2=503.78406 rank3=494.08531 rank4=506.07562 rank5=505.31435 rank6=493.65425 rank7=485.22115
kunpeng_pbs_sweep_20260525_153105.txt,Kunpeng PBS,parameter,parameter IVF-PQ nlist=32 nprobe=4,blocking,IVF-PQ,ivfpq_local_mpi_omp_inter,8,2,32,32,4,,,,1000,2000,local,0.94430,480.67546,477.63157,3.04389,387.49814,477.63157,442.91218,1.07839,rank0=446.90490 rank1=445.46533 rank2=387.49814 rank3=439.81564 rank4=437.09159 rank5=455.44910 rank6=477.63157 rank7=453.44114
kunpeng_pbs_sweep_20260525_153105.txt,Kunpeng PBS,parameter,parameter IVF-PQ nlist=64 nprobe=4,blocking,IVF-PQ,ivfpq_local_mpi_omp_inter,8,2,64,64,4,,,,1000,2000,local,0.92200,375.45228,372.54500,2.90728,311.30171,372.54500,348.29167,1.06964,rank0=335.45244 rank1=362.83493 rank2=311.30171 rank3=372.54500 rank4=327.11065 rank5=364.54642 rank6=351.44734 rank7=361.09483
kunpeng_pbs_sweep_20260525_153105.txt,Kunpeng PBS,parameter,parameter Block-HNSW ef=10,blocking,Block-HNSW,block_hnsw_mpi_omp_multi_entry,8,2,,,,,16,10,,2000,,0.99900,534.60515,531.83115,2.77400,72.28720,531.83115,290.00053,1.83390,rank0=498.40426 rank1=112.51783 rank2=502.78640 rank3=72.28720 rank4=93.94073 rank5=148.60308 rank6=531.83115 rank7=359.63356
kunpeng_pbs_sweep_20260525_153105.txt,Kunpeng PBS,parameter,parameter Block-HNSW ef=20,blocking,Block-HNSW,block_hnsw_mpi_omp_multi_entry,8,2,,,,,16,20,,2000,,0.99990,613.70480,611.01556,2.68924,580.92475,611.01556,594.72892,1.02738,rank0=590.20400 rank1=603.65677 rank2=593.90163 rank3=588.55581 rank4=593.50395 rank5=580.92475 rank6=611.01556 rank7=596.06886
kunpeng_pbs_sweep_20260525_153105.txt,Kunpeng PBS,parameter,parameter Block-HNSW ef=50,blocking,Block-HNSW,block_hnsw_mpi_omp_multi_entry,8,2,,,,,16,50,,2000,,1.00000,765.25044,762.63249,2.61796,371.81401,762.63249,638.50356,1.19441,rank0=371.81401 rank1=758.14378 rank2=762.63249 rank3=711.58063 rank4=480.40783 rank5=560.28414 rank6=716.17579 rank7=746.98985
kunpeng_pbs_sweep_20260525_153105.txt,Kunpeng PBS,parameter,parameter Block-HNSW ef=100,blocking,Block-HNSW,block_hnsw_mpi_omp_multi_entry,8,2,,,,,16,100,,2000,,1.00000,1270.85245,1268.22281,2.62964,376.17683,1268.22281,857.34802,1.47924,rank0=376.17683 rank1=826.96366 rank2=966.29441 rank3=1238.57534 rank4=741.35649 rank5=414.06691 rank6=1027.12774 rank7=1268.22281
kunpeng_pbs_sweep_20260525_153105.txt,Kunpeng PBS,parameter,parameter Block-HNSW ef=200,blocking,Block-HNSW,block_hnsw_mpi_omp_multi_entry,8,2,,,,,16,200,,2000,,1.00000,1535.62188,1532.93633,2.68555,1353.47080,1532.93633,1424.30279,1.07627,rank0=1422.34087 rank1=1519.85753 rank2=1353.47080 rank3=1424.66581 rank4=1367.98596 rank5=1388.58736 rank6=1532.93633 rank7=1384.57763
kunpeng_pbs_sweep_20260525_153105.txt,Kunpeng PBS,parameter,parameter IVF+HNSW nprobe=1,blocking,IVF+HNSW,ivf_hnsw_nested_mpi_omp,8,2,16,16,1,,16,50,,2000,,0.74490,564.06760,561.09953,2.96807,158.03909,561.09953,304.49173,1.84274,rank0=178.45976 rank1=556.26404 rank2=561.09953 rank3=252.99025 rank4=179.21150 rank5=240.84008 rank6=309.02958 rank7=158.03909
kunpeng_pbs_sweep_20260525_153105.txt,Kunpeng PBS,parameter,parameter IVF+HNSW nprobe=2,blocking,IVF+HNSW,ivf_hnsw_nested_mpi_omp,8,2,16,16,2,,16,50,,2000,,0.89070,424.17216,421.29028,2.88188,278.86689,421.29028,360.27387,1.16936,rank0=278.86689 rank1=392.77089 rank2=352.65720 rank3=329.05388 rank4=360.52752 rank5=401.05104 rank6=345.97325 rank7=421.29028
kunpeng_pbs_sweep_20260525_153105.txt,Kunpeng PBS,parameter,parameter IVF+HNSW nprobe=4,blocking,IVF+HNSW,ivf_hnsw_nested_mpi_omp,8,2,16,16,4,,16,50,,2000,,0.96450,911.40282,908.41758,2.98524,842.68355,908.41758,880.19350,1.03207,rank0=863.59870 rank1=908.41758 rank2=859.05898 rank3=899.94919 rank4=902.12488 rank5=842.68355 rank6=894.49954 rank7=871.21558
kunpeng_pbs_sweep_20260525_153105.txt,Kunpeng PBS,parameter,parameter IVF+HNSW nprobe=8,blocking,IVF+HNSW,ivf_hnsw_nested_mpi_omp,8,2,16,16,8,,16,50,,2000,,0.99265,1174.99042,1172.15466,2.83575,1046.06736,1172.15466,1099.62435,1.06596,rank0=1046.06736 rank1=1172.15466 rank2=1125.27823 rank3=1117.57207 rank4=1076.14660 rank5=1073.93646 rank6=1065.06968 rank7=1120.76974
kunpeng_pbs_sweep_20260525_153105.txt,Kunpeng PBS,parameter,parameter IVF+HNSW nprobe=16,blocking,IVF+HNSW,ivf_hnsw_nested_mpi_omp,8,2,16,16,16,,16,50,,2000,,0.99915,2427.44935,2424.45672,2.99263,1623.98815,2424.45672,1995.06733,1.21523,rank0=2101.92800 rank1=1864.94243 rank2=1623.98815 rank3=1735.03149 rank4=2424.45672 rank5=2176.70155 rank6=2031.74531 rank7=2001.74499
kunpeng_pbs_sweep_20260525_153105.txt,Kunpeng PBS,parameter,parameter HNSW-on-HNSW nprobe_blocks=1,blocking,HNSW-on-HNSW,hnsw_on_hnsw_mpi_omp,8,2,,,1,16,16,50,,2000,,0.08430,886.78348,883.92460,2.85888,156.19922,883.92460,411.38545,2.14865,rank0=465.32845 rank1=883.92460 rank2=315.97340 rank3=367.67864 rank4=410.24411 rank5=440.93561 rank6=250.79954 rank7=156.19922
kunpeng_pbs_sweep_20260525_153105.txt,Kunpeng PBS,parameter,parameter HNSW-on-HNSW nprobe_blocks=2,blocking,HNSW-on-HNSW,hnsw_on_hnsw_mpi_omp,8,2,,,2,16,16,50,,2000,,0.16070,771.73173,768.67485,3.05688,193.46964,768.67485,347.31553,2.21319,rank0=270.39433 rank1=341.34519 rank2=193.46964 rank3=768.67485 rank4=294.32976 rank5=212.61334 rank6=365.78214 rank7=331.91502
kunpeng_pbs_sweep_20260525_153105.txt,Kunpeng PBS,parameter,parameter HNSW-on-HNSW nprobe_blocks=4,blocking,HNSW-on-HNSW,hnsw_on_hnsw_mpi_omp,8,2,,,4,16,16,50,,2000,,0.30545,748.36719,745.36622,3.00097,476.83632,745.36622,625.73835,1.19118,rank0=681.05400 rank1=598.99592 rank2=670.52293 rank3=518.73529 rank4=655.68316 rank5=658.71298 rank6=745.36622 rank7=476.83632
kunpeng_pbs_sweep_20260525_153105.txt,Kunpeng PBS,parameter,parameter HNSW-on-HNSW nprobe_blocks=8,blocking,HNSW-on-HNSW,hnsw_on_hnsw_mpi_omp,8,2,,,8,16,16,50,,2000,,0.56605,1430.34840,1427.02234,3.32606,1315.71507,1427.02234,1370.87664,1.04096,rank0=1427.02234 rank1=1332.30007 rank2=1315.71507 rank3=1353.17290 rank4=1340.61909 rank5=1405.72464 rank6=1387.76493 rank7=1404.69408
kunpeng_pbs_sweep_20260525_153105.txt,Kunpeng PBS,parameter,parameter HNSW-on-HNSW nprobe_blocks=16,blocking,HNSW-on-HNSW,hnsw_on_hnsw_mpi_omp,8,2,,,16,16,16,50,,2000,,0.99995,2489.16447,2486.21905,2.94542,1799.95275,2486.21905,2123.84050,1.17062,rank0=2158.89657 rank1=1799.95275 rank2=2227.10609 rank3=2158.29182 rank4=2486.21905 rank5=2000.52357 rank6=1876.44482 rank7=2283.28931
kunpeng_pbs_sweep_20260525_153105.txt,Kunpeng PBS,scalability,scalability IVF-PQ np=1,blocking,IVF-PQ,ivfpq_local_mpi_omp_inter,1,2,16,16,4,,,,1000,2000,local,0.95970,571.66529,570.85943,0.80585,570.85943,570.85943,570.85943,1.00000,rank0=570.85943
kunpeng_pbs_sweep_20260525_153105.txt,Kunpeng PBS,scalability,scalability IVF-PQ np=2,blocking,IVF-PQ,ivfpq_local_mpi_omp_inter,2,2,16,16,4,,,,1000,2000,local,0.96450,395.25020,394.08481,1.16539,364.92169,394.08481,379.50325,1.03842,rank0=364.92169 rank1=394.08481
kunpeng_pbs_sweep_20260525_153105.txt,Kunpeng PBS,scalability,scalability IVF-PQ np=4,blocking,IVF-PQ,ivfpq_local_mpi_omp_inter,4,2,16,16,4,,,,1000,2000,local,0.96555,311.45084,309.77654,1.67429,285.88533,309.77654,298.17375,1.03891,rank0=285.88533 rank1=309.77654 rank2=298.54906 rank3=298.48409
kunpeng_pbs_sweep_20260525_153105.txt,Kunpeng PBS,scalability,scalability IVF-PQ np=8,blocking,IVF-PQ,ivfpq_local_mpi_omp_inter,8,2,16,16,4,,,,1000,2000,local,0.96515,532.35972,529.47509,2.88463,474.25544,529.47509,505.99761,1.04640,rank0=474.25544 rank1=510.20408 rank2=509.94778 rank3=495.21255 rank4=519.48118 rank5=501.81353 rank6=507.59125 rank7=529.47509
kunpeng_pbs_sweep_20260525_153105.txt,Kunpeng PBS,scalability,scalability Block-HNSW np=1,blocking,Block-HNSW,block_hnsw_mpi_omp_multi_entry,1,2,,,,,16,50,,2000,,0.99985,341.72785,341.08269,0.64516,341.08269,341.08269,341.08269,1.00000,rank0=341.08269
kunpeng_pbs_sweep_20260525_153105.txt,Kunpeng PBS,scalability,scalability Block-HNSW np=2,blocking,Block-HNSW,block_hnsw_mpi_omp_multi_entry,2,2,,,,,16,50,,2000,,1.00000,261.77049,260.68962,1.08087,217.22901,260.68962,238.95932,1.09094,rank0=260.68962 rank1=217.22901
kunpeng_pbs_sweep_20260525_153105.txt,Kunpeng PBS,scalability,scalability Block-HNSW np=4,blocking,Block-HNSW,block_hnsw_mpi_omp_multi_entry,4,2,,,,,16,50,,2000,,1.00000,247.99538,246.38128,1.61409,212.47375,246.38128,233.48233,1.05525,rank0=212.47375 rank1=246.38128 rank2=228.77121 rank3=246.30308
kunpeng_pbs_sweep_20260525_153105.txt,Kunpeng PBS,scalability,scalability Block-HNSW np=8,blocking,Block-HNSW,block_hnsw_mpi_omp_multi_entry,8,2,,,,,16,50,,2000,,1.00000,776.98815,774.43743,2.55072,235.05187,774.43743,547.83286,1.41364,rank0=375.34416 rank1=774.43743 rank2=746.77134 rank3=235.05187 rank4=249.97807 rank5=673.42043 rank6=762.34996 rank7=565.30964
kunpeng_pbs_sweep_20260525_153105.txt,Kunpeng PBS,scalability,scalability IVF+HNSW np=1,blocking,IVF+HNSW,ivf_hnsw_nested_mpi_omp,1,2,16,16,4,,16,50,,2000,,0.95225,529.90544,529.24800,0.65744,529.24800,529.24800,529.24800,1.00000,rank0=529.24800
kunpeng_pbs_sweep_20260525_153105.txt,Kunpeng PBS,scalability,scalability IVF+HNSW np=2,blocking,IVF+HNSW,ivf_hnsw_nested_mpi_omp,2,2,16,16,4,,16,50,,2000,,0.96150,450.29378,449.18144,1.11234,429.82137,449.18144,439.50140,1.02203,rank0=429.82137 rank1=449.18144
kunpeng_pbs_sweep_20260525_153105.txt,Kunpeng PBS,scalability,scalability IVF+HNSW np=4,blocking,IVF+HNSW,ivf_hnsw_nested_mpi_omp,4,2,16,16,4,,16,50,,2000,,0.96445,376.35863,374.44198,1.91665,334.47254,374.44198,355.44640,1.05344,rank0=374.44198 rank1=334.47254 rank2=372.96450 rank3=339.90657
kunpeng_pbs_sweep_20260525_153105.txt,Kunpeng PBS,scalability,scalability IVF+HNSW np=8,blocking,IVF+HNSW,ivf_hnsw_nested_mpi_omp,8,2,16,16,4,,16,50,,2000,,0.96450,746.83750,743.47186,3.36564,594.06543,743.47186,656.58249,1.13234,rank0=743.47186 rank1=624.85445 rank2=677.15478 rank3=594.06543 rank4=687.50119 rank5=679.62372 rank6=633.69441 rank7=612.29408
kunpeng_pbs_sweep_20260525_153105.txt,Kunpeng PBS,scalability,scalability HNSW-on-HNSW np=1,blocking,HNSW-on-HNSW,hnsw_on_hnsw_mpi_omp,1,2,,,8,16,16,50,,2000,,0.52115,955.03342,954.34010,0.69332,954.34010,954.34010,954.34010,1.00000,rank0=954.34010
kunpeng_pbs_sweep_20260525_153105.txt,Kunpeng PBS,scalability,scalability HNSW-on-HNSW np=2,blocking,HNSW-on-HNSW,hnsw_on_hnsw_mpi_omp,2,2,,,8,16,16,50,,2000,,0.52995,854.44045,853.18291,1.25754,850.37267,853.18291,851.77779,1.00165,rank0=853.18291 rank1=850.37267
kunpeng_pbs_sweep_20260525_153105.txt,Kunpeng PBS,scalability,scalability HNSW-on-HNSW np=4,blocking,HNSW-on-HNSW,hnsw_on_hnsw_mpi_omp,4,2,,,8,16,16,50,,2000,,0.54545,737.31184,735.34977,1.96207,637.80642,735.34977,693.07506,1.06100,rank0=735.34977 rank1=694.31055 rank2=637.80642 rank3=704.83351
kunpeng_pbs_sweep_20260525_153105.txt,Kunpeng PBS,scalability,scalability HNSW-on-HNSW np=8,blocking,HNSW-on-HNSW,hnsw_on_hnsw_mpi_omp,8,2,,,8,16,16,50,,2000,,0.56605,1305.40121,1302.34993,3.05128,904.12450,1302.34993,1165.72072,1.11721,rank0=904.12450 rank1=1143.02444 rank2=1288.34128 rank3=1267.49074 rank4=1296.25690 rank5=1115.00621 rank6=1302.34993 rank7=1009.17172
